month,city,housing_type,housing_return,stock_return,direction,lag1_return,lag2_return,lag3_return
2011-01,Beijing,new,0.00995033,-0.0166811,down,-0.0027868,-0.07460605,0.14096815
2011-01,Beijing,second_hand,0.00299551,-0.0166811,down,-0.0027868,-0.07460605,0.14096815
2011-01,Shanghai,new,0.01093994,-0.0166811,down,-0.0027868,-0.07460605,0.14096815
2011-01,Shanghai,second_hand,0.00498754,-0.0166811,down,-0.0027868,-0.07460605,0.14096815
2011-01,Hangzhou,new,0.01685712,-0.0166811,down,-0.0027868,-0.07460605,0.14096815
2011-01,Hangzhou,second_hand,0.00299551,-0.0166811,down,-0.0027868,-0.07460605,0.14096815
2011-01,Guangzhou,new,0.01685712,-0.0166811,down,-0.0027868,-0.07460605,0.14096815
2011-01,Guangzhou,second_hand,0.01192857,-0.0166811,down,-0.0027868,-0.07460605,0.14096815
2011-01,Shenzhen,new,0.01980263,-0.0166811,down,-0.0027868,-0.07460605,0.14096815
2011-01,Shenzhen,second_hand,0.00598207,-0.0166811,down,-0.0027868,-0.07460605,0.14096815
2011-01,Chengdu,new,0.01390291,-0.0166811,down,-0.0027868,-0.07460605,0.14096815
2011-01,Chengdu,second_hand,0.02176149,-0.0166811,down,-0.0027868,-0.07460605,0.14096815
2011-02,Beijing,new,0.00498754,0.05164168,up,-0.0166811,-0.0027868,-0.07460605
2011-02,Beijing,second_hand,0.00399202,0.05164168,up,-0.0166811,-0.0027868,-0.07460605
2011-02,Shanghai,new,0.01093994,0.05164168,up,-0.0166811,-0.0027868,-0.07460605
2011-02,Shanghai,second_hand,0.00399202,0.05164168,up,-0.0166811,-0.0027868,-0.07460605
2011-02,Hangzhou,new,0.00895974,0.05164168,up,-0.0166811,-0.0027868,-0.07460605
2011-02,Hangzhou,second_hand,0.001998,0.05164168,up,-0.0166811,-0.0027868,-0.07460605
2011-02,Guangzhou,new,0.00598207,0.05164168,up,-0.0166811,-0.0027868,-0.07460605
2011-02,Guangzhou,second_hand,0.00598207,0.05164168,up,-0.0166811,-0.0027868,-0.07460605
2011-02,Shenzhen,new,0.00995033,0.05164168,up,-0.0166811,-0.0027868,-0.07460605
2011-02,Shenzhen,second_hand,0.02566775,0.05164168,up,-0.0166811,-0.0027868,-0.07460605
2011-02,Chengdu,new,0.00498754,0.05164168,up,-0.0166811,-0.0027868,-0.07460605
2011-02,Chengdu,second_hand,0.00299551,0.05164168,up,-0.0166811,-0.0027868,-0.07460605
2011-03,Beijing,new,0,-0.00503494,down,0.05164168,-0.0166811,-0.0027868
2011-03,Beijing,second_hand,-0.0010005,-0.00503494,down,0.05164168,-0.0166811,-0.0027868
2011-03,Shanghai,new,0.001998,-0.00503494,down,0.05164168,-0.0166811,-0.0027868
2011-03,Shanghai,second_hand,0.00399202,-0.00503494,down,0.05164168,-0.0166811,-0.0027868
2011-03,Hangzhou,new,-0.0010005,-0.00503494,down,0.05164168,-0.0166811,-0.0027868
2011-03,Hangzhou,second_hand,0.0009995,-0.00503494,down,0.05164168,-0.0166811,-0.0027868
2011-03,Guangzhou,new,0.00299551,-0.00503494,down,0.05164168,-0.0166811,-0.0027868
2011-03,Guangzhou,second_hand,-0.00501254,-0.00503494,down,0.05164168,-0.0166811,-0.0027868
2011-03,Shenzhen,new,0,-0.00503494,down,0.05164168,-0.0166811,-0.0027868
2011-03,Shenzhen,second_hand,0.00598207,-0.00503494,down,0.05164168,-0.0166811,-0.0027868
2011-03,Chengdu,new,0,-0.00503494,down,0.05164168,-0.0166811,-0.0027868
2011-03,Chengdu,second_hand,-0.002002,-0.00503494,down,0.05164168,-0.0166811,-0.0027868
2011-04,Beijing,new,0.0009995,-0.00952936,down,-0.00503494,0.05164168,-0.0166811
2011-04,Beijing,second_hand,0.0009995,-0.00952936,down,-0.00503494,0.05164168,-0.0166811
2011-04,Shanghai,new,0.00299551,-0.00952936,down,-0.00503494,0.05164168,-0.0166811
2011-04,Shanghai,second_hand,0.00598207,-0.00952936,down,-0.00503494,0.05164168,-0.0166811
2011-04,Hangzhou,new,0.0009995,-0.00952936,down,-0.00503494,0.05164168,-0.0166811
2011-04,Hangzhou,second_hand,-0.00300451,-0.00952936,down,-0.00503494,0.05164168,-0.0166811
2011-04,Guangzhou,new,0.00697561,-0.00952936,down,-0.00503494,0.05164168,-0.0166811
2011-04,Guangzhou,second_hand,0.00995033,-0.00952936,down,-0.00503494,0.05164168,-0.0166811
2011-04,Shenzhen,new,0.00697561,-0.00952936,down,-0.00503494,0.05164168,-0.0166811
2011-04,Shenzhen,second_hand,0.00498754,-0.00952936,down,-0.00503494,0.05164168,-0.0166811
2011-04,Chengdu,new,-0.0010005,-0.00952936,down,-0.00503494,0.05164168,-0.0166811
2011-04,Chengdu,second_hand,0.00399202,-0.00952936,down,-0.00503494,0.05164168,-0.0166811
2011-05,Beijing,new,0.001998,-0.06174106,down,-0.00952936,-0.00503494,0.05164168
2011-05,Beijing,second_hand,-0.002002,-0.06174106,down,-0.00952936,-0.00503494,0.05164168
2011-05,Shanghai,new,0.001998,-0.06174106,down,-0.00952936,-0.00503494,0.05164168
2011-05,Shanghai,second_hand,0.001998,-0.06174106,down,-0.00952936,-0.00503494,0.05164168
2011-05,Hangzhou,new,0,-0.06174106,down,-0.00952936,-0.00503494,0.05164168
2011-05,Hangzhou,second_hand,-0.002002,-0.06174106,down,-0.00952936,-0.00503494,0.05164168
2011-05,Guangzhou,new,0.00299551,-0.06174106,down,-0.00952936,-0.00503494,0.05164168
2011-05,Guangzhou,second_hand,-0.002002,-0.06174106,down,-0.00952936,-0.00503494,0.05164168
2011-05,Shenzhen,new,0.00399202,-0.06174106,down,-0.00952936,-0.00503494,0.05164168
2011-05,Shenzhen,second_hand,0.00299551,-0.06174106,down,-0.00952936,-0.00503494,0.05164168
2011-05,Chengdu,new,0.001998,-0.06174106,down,-0.00952936,-0.00503494,0.05164168
2011-05,Chengdu,second_hand,-0.0010005,-0.06174106,down,-0.00952936,-0.00503494,0.05164168
2011-06,Beijing,new,0.0009995,0.01406985,up,-0.06174106,-0.00952936,-0.00503494
2011-06,Beijing,second_hand,-0.0010005,0.01406985,up,-0.06174106,-0.00952936,-0.00503494
2011-06,Shanghai,new,0.0009995,0.01406985,up,-0.06174106,-0.00952936,-0.00503494
2011-06,Shanghai,second_hand,0.001998,0.01406985,up,-0.06174106,-0.00952936,-0.00503494
2011-06,Hangzhou,new,0,0.01406985,up,-0.06174106,-0.00952936,-0.00503494
2011-06,Hangzhou,second_hand,0,0.01406985,up,-0.06174106,-0.00952936,-0.00503494
2011-06,Guangzhou,new,0.001998,0.01406985,up,-0.06174106,-0.00952936,-0.00503494
2011-06,Guangzhou,second_hand,0.0009995,0.01406985,up,-0.06174106,-0.00952936,-0.00503494
2011-06,Shenzhen,new,0.0009995,0.01406985,up,-0.06174106,-0.00952936,-0.00503494
2011-06,Shenzhen,second_hand,0,0.01406985,up,-0.06174106,-0.00952936,-0.00503494
2011-06,Chengdu,new,-0.0010005,0.01406985,up,-0.06174106,-0.00952936,-0.00503494
2011-06,Chengdu,second_hand,0.0009995,0.01406985,up,-0.06174106,-0.00952936,-0.00503494
2011-07,Beijing,new,0,-0.02393996,down,0.01406985,-0.06174106,-0.00952936
2011-07,Beijing,second_hand,0.0009995,-0.02393996,down,0.01406985,-0.06174106,-0.00952936
2011-07,Shanghai,new,0,-0.02393996,down,0.01406985,-0.06174106,-0.00952936
2011-07,Shanghai,second_hand,0.00299551,-0.02393996,down,0.01406985,-0.06174106,-0.00952936
2011-07,Hangzhou,new,-0.0010005,-0.02393996,down,0.01406985,-0.06174106,-0.00952936
2011-07,Hangzhou,second_hand,-0.0010005,-0.02393996,down,0.01406985,-0.06174106,-0.00952936
2011-07,Guangzhou,new,0,-0.02393996,down,0.01406985,-0.06174106,-0.00952936
2011-07,Guangzhou,second_hand,0.001998,-0.02393996,down,0.01406985,-0.06174106,-0.00952936
2011-07,Shenzhen,new,0,-0.02393996,down,0.01406985,-0.06174106,-0.00952936
2011-07,Shenzhen,second_hand,-0.00501254,-0.02393996,down,0.01406985,-0.06174106,-0.00952936
2011-07,Chengdu,new,-0.00300451,-0.02393996,down,0.01406985,-0.06174106,-0.00952936
2011-07,Chengdu,second_hand,-0.00601807,-0.02393996,down,0.01406985,-0.06174106,-0.00952936
2011-08,Beijing,new,0,-0.04307351,down,-0.02393996,0.01406985,-0.06174106
2011-08,Beijing,second_hand,0,-0.04307351,down,-0.02393996,0.01406985,-0.06174106
2011-08,Shanghai,new,0,-0.04307351,down,-0.02393996,0.01406985,-0.06174106
2011-08,Shanghai,second_hand,0.0009995,-0.04307351,down,-0.02393996,0.01406985,-0.06174106
2011-08,Hangzhou,new,0,-0.04307351,down,-0.02393996,0.01406985,-0.06174106
2011-08,Hangzhou,second_hand,-0.00400802,-0.04307351,down,-0.02393996,0.01406985,-0.06174106
2011-08,Guangzhou,new,0,-0.04307351,down,-0.02393996,0.01406985,-0.06174106
2011-08,Guangzhou,second_hand,0.00697561,-0.04307351,down,-0.02393996,0.01406985,-0.06174106
2011-08,Shenzhen,new,0,-0.04307351,down,-0.02393996,0.01406985,-0.06174106
2011-08,Shenzhen,second_hand,0,-0.04307351,down,-0.02393996,0.01406985,-0.06174106
2011-08,Chengdu,new,0.0009995,-0.04307351,down,-0.02393996,0.01406985,-0.06174106
2011-08,Chengdu,second_hand,0,-0.04307351,down,-0.02393996,0.01406985,-0.06174106
2011-09,Beijing,new,0,-0.09787601,down,-0.04307351,-0.02393996,0.01406985
2011-09,Beijing,second_hand,-0.00400802,-0.09787601,down,-0.04307351,-0.02393996,0.01406985
2011-09,Shanghai,new,0,-0.09787601,down,-0.04307351,-0.02393996,0.01406985
2011-09,Shanghai,second_hand,0.0009995,-0.09787601,down,-0.04307351,-0.02393996,0.01406985
2011-09,Hangzhou,new,-0.0010005,-0.09787601,down,-0.04307351,-0.02393996,0.01406985
2011-09,Hangzhou,second_hand,-0.00400802,-0.09787601,down,-0.04307351,-0.02393996,0.01406985
2011-09,Guangzhou,new,0,-0.09787601,down,-0.04307351,-0.02393996,0.01406985
2011-09,Guangzhou,second_hand,0.00598207,-0.09787601,down,-0.04307351,-0.02393996,0.01406985
2011-09,Shenzhen,new,0,-0.09787601,down,-0.04307351,-0.02393996,0.01406985
2011-09,Shenzhen,second_hand,-0.002002,-0.09787601,down,-0.04307351,-0.02393996,0.01406985
2011-09,Chengdu,new,0,-0.09787601,down,-0.04307351,-0.02393996,0.01406985
2011-09,Chengdu,second_hand,-0.002002,-0.09787601,down,-0.04307351,-0.02393996,0.01406985
2011-10,Beijing,new,-0.0010005,0.04320071,up,-0.09787601,-0.04307351,-0.02393996
2011-10,Beijing,second_hand,-0.00501254,0.04320071,up,-0.09787601,-0.04307351,-0.02393996
2011-10,Shanghai,new,-0.00300451,0.04320071,up,-0.09787601,-0.04307351,-0.02393996
2011-10,Shanghai,second_hand,-0.002002,0.04320071,up,-0.09787601,-0.04307351,-0.02393996
2011-10,Hangzhou,new,-0.00400802,0.04320071,up,-0.09787601,-0.04307351,-0.02393996
2011-10,Hangzhou,second_hand,-0.01511364,0.04320071,up,-0.09787601,-0.04307351,-0.02393996
2011-10,Guangzhou,new,-0.002002,0.04320071,up,-0.09787601,-0.04307351,-0.02393996
2011-10,Guangzhou,second_hand,-0.00501254,0.04320071,up,-0.09787601,-0.04307351,-0.02393996
2011-10,Shenzhen,new,-0.0010005,0.04320071,up,-0.09787601,-0.04307351,-0.02393996
2011-10,Shenzhen,second_hand,0,0.04320071,up,-0.09787601,-0.04307351,-0.02393996
2011-10,Chengdu,new,0,0.04320071,up,-0.09787601,-0.04307351,-0.02393996
2011-10,Chengdu,second_hand,-0.002002,0.04320071,up,-0.09787601,-0.04307351,-0.02393996
2011-11,Beijing,new,-0.00400802,-0.06665133,down,0.04320071,-0.09787601,-0.04307351
2011-11,Beijing,second_hand,-0.00702461,-0.06665133,down,0.04320071,-0.09787601,-0.04307351
2011-11,Shanghai,new,-0.00400802,-0.06665133,down,0.04320071,-0.09787601,-0.04307351
2011-11,Shanghai,second_hand,-0.00501254,-0.06665133,down,0.04320071,-0.09787601,-0.04307351
2011-11,Hangzhou,new,-0.00300451,-0.06665133,down,0.04320071,-0.09787601,-0.04307351
2011-11,Hangzhou,second_hand,-0.00904074,-0.06665133,down,0.04320071,-0.09787601,-0.04307351
2011-11,Guangzhou,new,-0.00300451,-0.06665133,down,0.04320071,-0.09787601,-0.04307351
2011-11,Guangzhou,second_hand,-0.00803217,-0.06665133,down,0.04320071,-0.09787601,-0.04307351
2011-11,Shenzhen,new,-0.00300451,-0.06665133,down,0.04320071,-0.09787601,-0.04307351
2011-11,Shenzhen,second_hand,-0.00803217,-0.06665133,down,0.04320071,-0.09787601,-0.04307351
2011-11,Chengdu,new,-0.002002,-0.06665133,down,0.04320071,-0.09787601,-0.04307351
2011-11,Chengdu,second_hand,-0.00702461,-0.06665133,down,0.04320071,-0.09787601,-0.04307351
2011-12,Beijing,new,-0.002002,-0.07226098,down,-0.06665133,0.04320071,-0.09787601
2011-12,Beijing,second_hand,-0.00803217,-0.07226098,down,-0.06665133,0.04320071,-0.09787601
2011-12,Shanghai,new,-0.00400802,-0.07226098,down,-0.06665133,0.04320071,-0.09787601
2011-12,Shanghai,second_hand,-0.00400802,-0.07226098,down,-0.06665133,0.04320071,-0.09787601
2011-12,Hangzhou,new,-0.00702461,-0.07226098,down,-0.06665133,0.04320071,-0.09787601
2011-12,Hangzhou,second_hand,-0.01409892,-0.07226098,down,-0.06665133,0.04320071,-0.09787601
2011-12,Guangzhou,new,-0.00400802,-0.07226098,down,-0.06665133,0.04320071,-0.09787601
2011-12,Guangzhou,second_hand,-0.00400802,-0.07226098,down,-0.06665133,0.04320071,-0.09787601
2011-12,Shenzhen,new,-0.00501254,-0.07226098,down,-0.06665133,0.04320071,-0.09787601
2011-12,Shenzhen,second_hand,-0.00400802,-0.07226098,down,-0.06665133,0.04320071,-0.09787601
2011-12,Chengdu,new,-0.0010005,-0.07226098,down,-0.06665133,0.04320071,-0.09787601
2011-12,Chengdu,second_hand,-0.00300451,-0.07226098,down,-0.06665133,0.04320071,-0.09787601
2012-01,Beijing,new,-0.0010005,0.04929064,up,-0.07226098,-0.06665133,0.04320071
2012-01,Beijing,second_hand,-0.00904074,0.04929064,up,-0.07226098,-0.06665133,0.04320071
2012-01,Shanghai,new,-0.002002,0.04929064,up,-0.07226098,-0.06665133,0.04320071
2012-01,Shanghai,second_hand,-0.00702461,0.04929064,up,-0.07226098,-0.06665133,0.04320071
2012-01,Hangzhou,new,-0.0010005,0.04929064,up,-0.07226098,-0.06665133,0.04320071
2012-01,Hangzhou,second_hand,-0.01409892,0.04929064,up,-0.07226098,-0.06665133,0.04320071
2012-01,Guangzhou,new,-0.00300451,0.04929064,up,-0.07226098,-0.06665133,0.04320071
2012-01,Guangzhou,second_hand,-0.00400802,0.04929064,up,-0.07226098,-0.06665133,0.04320071
2012-01,Shenzhen,new,-0.002002,0.04929064,up,-0.07226098,-0.06665133,0.04320071
2012-01,Shenzhen,second_hand,-0.00803217,0.04929064,up,-0.07226098,-0.06665133,0.04320071
2012-01,Chengdu,new,-0.0010005,0.04929064,up,-0.07226098,-0.06665133,0.04320071
2012-01,Chengdu,second_hand,-0.00803217,0.04929064,up,-0.07226098,-0.06665133,0.04320071
2012-02,Beijing,new,-0.002002,0.06666519,up,0.04929064,-0.07226098,-0.06665133
2012-02,Beijing,second_hand,-0.002002,0.06666519,up,0.04929064,-0.07226098,-0.06665133
2012-02,Shanghai,new,-0.002002,0.06666519,up,0.04929064,-0.07226098,-0.06665133
2012-02,Shanghai,second_hand,-0.00300451,0.06666519,up,0.04929064,-0.07226098,-0.06665133
2012-02,Hangzhou,new,-0.00300451,0.06666519,up,0.04929064,-0.07226098,-0.06665133
2012-02,Hangzhou,second_hand,-0.00601807,0.06666519,up,0.04929064,-0.07226098,-0.06665133
2012-02,Guangzhou,new,-0.002002,0.06666519,up,0.04929064,-0.07226098,-0.06665133
2012-02,Guangzhou,second_hand,-0.00400802,0.06666519,up,0.04929064,-0.07226098,-0.06665133
2012-02,Shenzhen,new,-0.002002,0.06666519,up,0.04929064,-0.07226098,-0.06665133
2012-02,Shenzhen,second_hand,0,0.06666519,up,0.04929064,-0.07226098,-0.06665133
2012-02,Chengdu,new,0,0.06666519,up,0.04929064,-0.07226098,-0.06665133
2012-02,Chengdu,second_hand,-0.00501254,0.06666519,up,0.04929064,-0.07226098,-0.06665133
2012-03,Beijing,new,-0.00501254,-0.07047073,down,0.06666519,0.04929064,-0.07226098
2012-03,Beijing,second_hand,0.001998,-0.07047073,down,0.06666519,0.04929064,-0.07226098
2012-03,Shanghai,new,-0.00300451,-0.07047073,down,0.06666519,0.04929064,-0.07226098
2012-03,Shanghai,second_hand,-0.00501254,-0.07047073,down,0.06666519,0.04929064,-0.07226098
2012-03,Hangzhou,new,-0.04709161,-0.07047073,down,0.06666519,0.04929064,-0.07226098
2012-03,Hangzhou,second_hand,-0.00300451,-0.07047073,down,0.06666519,0.04929064,-0.07226098
2012-03,Guangzhou,new,-0.002002,-0.07047073,down,0.06666519,0.04929064,-0.07226098
2012-03,Guangzhou,second_hand,-0.002002,-0.07047073,down,0.06666519,0.04929064,-0.07226098
2012-03,Shenzhen,new,-0.00300451,-0.07047073,down,0.06666519,0.04929064,-0.07226098
2012-03,Shenzhen,second_hand,0.0009995,-0.07047073,down,0.06666519,0.04929064,-0.07226098
2012-03,Chengdu,new,-0.002002,-0.07047073,down,0.06666519,0.04929064,-0.07226098
2012-03,Chengdu,second_hand,-0.0010005,-0.07047073,down,0.06666519,0.04929064,-0.07226098
2012-04,Beijing,new,-0.002002,0.06743668,up,-0.07047073,0.06666519,0.04929064
2012-04,Beijing,second_hand,0.00399202,0.06743668,up,-0.07047073,0.06666519,0.04929064
2012-04,Shanghai,new,-0.002002,0.06743668,up,-0.07047073,0.06666519,0.04929064
2012-04,Shanghai,second_hand,0.0009995,0.06743668,up,-0.07047073,0.06666519,0.04929064
2012-04,Hangzhou,new,-0.03562718,0.06743668,up,-0.07047073,0.06666519,0.04929064
2012-04,Hangzhou,second_hand,-0.00601807,0.06743668,up,-0.07047073,0.06666519,0.04929064
2012-04,Guangzhou,new,-0.002002,0.06743668,up,-0.07047073,0.06666519,0.04929064
2012-04,Guangzhou,second_hand,-0.00400802,0.06743668,up,-0.07047073,0.06666519,0.04929064
2012-04,Shenzhen,new,-0.00400802,0.06743668,up,-0.07047073,0.06666519,0.04929064
2012-04,Shenzhen,second_hand,0,0.06743668,up,-0.07047073,0.06666519,0.04929064
2012-04,Chengdu,new,-0.0010005,0.06743668,up,-0.07047073,0.06666519,0.04929064
2012-04,Chengdu,second_hand,-0.00702461,0.06743668,up,-0.07047073,0.06666519,0.04929064
2012-05,Beijing,new,-0.0010005,0.00223651,up,0.06743668,-0.07047073,0.06666519
2012-05,Beijing,second_hand,-0.0010005,0.00223651,up,0.06743668,-0.07047073,0.06666519
2012-05,Shanghai,new,-0.002002,0.00223651,up,0.06743668,-0.07047073,0.06666519
2012-05,Shanghai,second_hand,0.00299551,0.00223651,up,0.06743668,-0.07047073,0.06666519
2012-05,Hangzhou,new,-0.00601807,0.00223651,up,0.06743668,-0.07047073,0.06666519
2012-05,Hangzhou,second_hand,-0.0010005,0.00223651,up,0.06743668,-0.07047073,0.06666519
2012-05,Guangzhou,new,-0.0010005,0.00223651,up,0.06743668,-0.07047073,0.06666519
2012-05,Guangzhou,second_hand,-0.0010005,0.00223651,up,0.06743668,-0.07047073,0.06666519
2012-05,Shenzhen,new,-0.00300451,0.00223651,up,0.06743668,-0.07047073,0.06666519
2012-05,Shenzhen,second_hand,0,0.00223651,up,0.06743668,-0.07047073,0.06666519
2012-05,Chengdu,new,-0.00300451,0.00223651,up,0.06743668,-0.07047073,0.06666519
2012-05,Chengdu,second_hand,-0.0010005,0.00223651,up,0.06743668,-0.07047073,0.06666519
2012-06,Beijing,new,0.00299551,-0.0669436,down,0.00223651,0.06743668,-0.07047073
2012-06,Beijing,second_hand,0.001998,-0.0669436,down,0.00223651,0.06743668,-0.07047073
2012-06,Shanghai,new,0.001998,-0.0669436,down,0.00223651,0.06743668,-0.07047073
2012-06,Shanghai,second_hand,0.001998,-0.0669436,down,0.00223651,0.06743668,-0.07047073
2012-06,Hangzhou,new,0.00598207,-0.0669436,down,0.00223651,0.06743668,-0.07047073
2012-06,Hangzhou,second_hand,0.0009995,-0.0669436,down,0.00223651,0.06743668,-0.07047073
2012-06,Guangzhou,new,0.001998,-0.0669436,down,0.00223651,0.06743668,-0.07047073
2012-06,Guangzhou,second_hand,0.00498754,-0.0669436,down,0.00223651,0.06743668,-0.07047073
2012-06,Shenzhen,new,-0.0010005,-0.0669436,down,0.00223651,0.06743668,-0.07047073
2012-06,Shenzhen,second_hand,0.001998,-0.0669436,down,0.00223651,0.06743668,-0.07047073
2012-06,Chengdu,new,0,-0.0669436,down,0.00223651,0.06743668,-0.07047073
2012-06,Chengdu,second_hand,0,-0.0669436,down,0.00223651,0.06743668,-0.07047073
2012-07,Beijing,new,0.00299551,-0.05369491,down,-0.0669436,0.00223651,0.06743668
2012-07,Beijing,second_hand,0.00299551,-0.05369491,down,-0.0669436,0.00223651,0.06743668
2012-07,Shanghai,new,0.0009995,-0.05369491,down,-0.0669436,0.00223651,0.06743668
2012-07,Shanghai,second_hand,0.001998,-0.05369491,down,-0.0669436,0.00223651,0.06743668
2012-07,Hangzhou,new,0.00299551,-0.05369491,down,-0.0669436,0.00223651,0.06743668
2012-07,Hangzhou,second_hand,0.00796817,-0.05369491,down,-0.0669436,0.00223651,0.06743668
2012-07,Guangzhou,new,0.001998,-0.05369491,down,-0.0669436,0.00223651,0.06743668
2012-07,Guangzhou,second_hand,0.00697561,-0.05369491,down,-0.0669436,0.00223651,0.06743668
2012-07,Shenzhen,new,0,-0.05369491,down,-0.0669436,0.00223651,0.06743668
2012-07,Shenzhen,second_hand,0.001998,-0.05369491,down,-0.0669436,0.00223651,0.06743668
2012-07,Chengdu,new,0.00299551,-0.05369491,down,-0.0669436,0.00223651,0.06743668
2012-07,Chengdu,second_hand,0.001998,-0.05369491,down,-0.0669436,0.00223651,0.06743668
2012-08,Beijing,new,0.001998,-0.05645215,down,-0.05369491,-0.0669436,0.00223651
2012-08,Beijing,second_hand,0.00299551,-0.05645215,down,-0.05369491,-0.0669436,0.00223651
2012-08,Shanghai,new,0,-0.05645215,down,-0.05369491,-0.0669436,0.00223651
2012-08,Shanghai,second_hand,0.00299551,-0.05645215,down,-0.05369491,-0.0669436,0.00223651
2012-08,Hangzhou,new,0.00399202,-0.05645215,down,-0.05369491,-0.0669436,0.00223651
2012-08,Hangzhou,second_hand,0.00498754,-0.05645215,down,-0.05369491,-0.0669436,0.00223651
2012-08,Guangzhou,new,0.00299551,-0.05645215,down,-0.05369491,-0.0669436,0.00223651
2012-08,Guangzhou,second_hand,0.00895974,-0.05645215,down,-0.05369491,-0.0669436,0.00223651
2012-08,Shenzhen,new,0.0009995,-0.05645215,down,-0.05369491,-0.0669436,0.00223651
2012-08,Shenzhen,second_hand,0.0009995,-0.05645215,down,-0.05369491,-0.0669436,0.00223651
2012-08,Chengdu,new,0,-0.05645215,down,-0.05369491,-0.0669436,0.00223651
2012-08,Chengdu,second_hand,0,-0.05645215,down,-0.05369491,-0.0669436,0.00223651
2012-09,Beijing,new,0.0009995,0.03924042,up,-0.05645215,-0.05369491,-0.0669436
2012-09,Beijing,second_hand,0.0009995,0.03924042,up,-0.05645215,-0.05369491,-0.0669436
2012-09,Shanghai,new,0,0.03924042,up,-0.05645215,-0.05369491,-0.0669436
2012-09,Shanghai,second_hand,0.001998,0.03924042,up,-0.05645215,-0.05369491,-0.0669436
2012-09,Hangzhou,new,0.00299551,0.03924042,up,-0.05645215,-0.05369491,-0.0669436
2012-09,Hangzhou,second_hand,-0.00400802,0.03924042,up,-0.05645215,-0.05369491,-0.0669436
2012-09,Guangzhou,new,0.00399202,0.03924042,up,-0.05645215,-0.05369491,-0.0669436
2012-09,Guangzhou,second_hand,0.00598207,0.03924042,up,-0.05645215,-0.05369491,-0.0669436
2012-09,Shenzhen,new,0.0009995,0.03924042,up,-0.05645215,-0.05369491,-0.0669436
2012-09,Shenzhen,second_hand,0.0009995,0.03924042,up,-0.05645215,-0.05369491,-0.0669436
2012-09,Chengdu,new,0.0009995,0.03924042,up,-0.05645215,-0.05369491,-0.0669436
2012-09,Chengdu,second_hand,0.0009995,0.03924042,up,-0.05645215,-0.05369491,-0.0669436
2012-10,Beijing,new,0.00299551,-0.01683883,down,0.03924042,-0.05645215,-0.05369491
2012-10,Beijing,second_hand,0,-0.01683883,down,0.03924042,-0.05645215,-0.05369491
2012-10,Shanghai,new,0,-0.01683883,down,0.03924042,-0.05645215,-0.05369491
2012-10,Shanghai,second_hand,0.001998,-0.01683883,down,0.03924042,-0.05645215,-0.05369491
2012-10,Hangzhou,new,-0.00300451,-0.01683883,down,0.03924042,-0.05645215,-0.05369491
2012-10,Hangzhou,second_hand,0,-0.01683883,down,0.03924042,-0.05645215,-0.05369491
2012-10,Guangzhou,new,0.00399202,-0.01683883,down,0.03924042,-0.05645215,-0.05369491
2012-10,Guangzhou,second_hand,0.00399202,-0.01683883,down,0.03924042,-0.05645215,-0.05369491
2012-10,Shenzhen,new,0.00399202,-0.01683883,down,0.03924042,-0.05645215,-0.05369491
2012-10,Shenzhen,second_hand,0.00399202,-0.01683883,down,0.03924042,-0.05645215,-0.05369491
2012-10,Chengdu,new,0,-0.01683883,down,0.03924042,-0.05645215,-0.05369491
2012-10,Chengdu,second_hand,0.0009995,-0.01683883,down,0.03924042,-0.05645215,-0.05369491
2012-11,Beijing,new,0.00796817,-0.05242321,down,-0.01683883,0.03924042,-0.05645215
2012-11,Beijing,second_hand,0.00299551,-0.05242321,down,-0.01683883,0.03924042,-0.05645215
2012-11,Shanghai,new,0.001998,-0.05242321,down,-0.01683883,0.03924042,-0.05645215
2012-11,Shanghai,second_hand,0.001998,-0.05242321,down,-0.01683883,0.03924042,-0.05645215
2012-11,Hangzhou,new,-0.0010005,-0.05242321,down,-0.01683883,0.03924042,-0.05645215
2012-11,Hangzhou,second_hand,0.0009995,-0.05242321,down,-0.01683883,0.03924042,-0.05645215
2012-11,Guangzhou,new,0.00598207,-0.05242321,down,-0.01683883,0.03924042,-0.05645215
2012-11,Guangzhou,second_hand,0.00498754,-0.05242321,down,-0.01683883,0.03924042,-0.05645215
2012-11,Shenzhen,new,0.00598207,-0.05242321,down,-0.01683883,0.03924042,-0.05645215
2012-11,Shenzhen,second_hand,0.00299551,-0.05242321,down,-0.01683883,0.03924042,-0.05645215
2012-11,Chengdu,new,0.00399202,-0.05242321,down,-0.01683883,0.03924042,-0.05645215
2012-11,Chengdu,second_hand,0.001998,-0.05242321,down,-0.01683883,0.03924042,-0.05645215
2012-12,Beijing,new,0.00995033,0.16478191,up,-0.05242321,-0.01683883,0.03924042
2012-12,Beijing,second_hand,0.00995033,0.16478191,up,-0.05242321,-0.01683883,0.03924042
2012-12,Shanghai,new,0.00697561,0.16478191,up,-0.05242321,-0.01683883,0.03924042
2012-12,Shanghai,second_hand,0.00399202,0.16478191,up,-0.05242321,-0.01683883,0.03924042
2012-12,Hangzhou,new,0.00299551,0.16478191,up,-0.05242321,-0.01683883,0.03924042
2012-12,Hangzhou,second_hand,0.001998,0.16478191,up,-0.05242321,-0.01683883,0.03924042
2012-12,Guangzhou,new,0.01192857,0.16478191,up,-0.05242321,-0.01683883,0.03924042
2012-12,Guangzhou,second_hand,0.00498754,0.16478191,up,-0.05242321,-0.01683883,0.03924042
2012-12,Shenzhen,new,0.01093994,0.16478191,up,-0.05242321,-0.01683883,0.03924042
2012-12,Shenzhen,second_hand,0.00598207,0.16478191,up,-0.05242321,-0.01683883,0.03924042
2012-12,Chengdu,new,0.00399202,0.16478191,up,-0.05242321,-0.01683883,0.03924042
2012-12,Chengdu,second_hand,0.00399202,0.16478191,up,-0.05242321,-0.01683883,0.03924042
2013-01,Beijing,new,0.02078254,0.06295182,up,0.16478191,-0.05242321,-0.01683883
2013-01,Beijing,second_hand,0.00995033,0.06295182,up,0.16478191,-0.05242321,-0.01683883
2013-01,Shanghai,new,0.01291623,0.06295182,up,0.16478191,-0.05242321,-0.01683883
2013-01,Shanghai,second_hand,0.00796817,0.06295182,up,0.16478191,-0.05242321,-0.01683883
2013-01,Hangzhou,new,0.00895974,0.06295182,up,0.16478191,-0.05242321,-0.01683883
2013-01,Hangzhou,second_hand,-0.00501254,0.06295182,up,0.16478191,-0.05242321,-0.01683883
2013-01,Guangzhou,new,0.01980263,0.06295182,up,0.16478191,-0.05242321,-0.01683883
2013-01,Guangzhou,second_hand,0.00399202,0.06295182,up,0.16478191,-0.05242321,-0.01683883
2013-01,Shenzhen,new,0.02176149,0.06295182,up,0.16478191,-0.05242321,-0.01683883
2013-01,Shenzhen,second_hand,0.00498754,0.06295182,up,0.16478191,-0.05242321,-0.01683883
2013-01,Chengdu,new,0.00995033,0.06295182,up,0.16478191,-0.05242321,-0.01683883
2013-01,Chengdu,second_hand,0.001998,0.06295182,up,0.16478191,-0.05242321,-0.01683883
2013-02,Beijing,new,0.03052921,-0.00505578,down,0.06295182,0.16478191,-0.05242321
2013-02,Beijing,second_hand,0.02176149,-0.00505578,down,0.06295182,0.16478191,-0.05242321
2013-02,Shanghai,new,0.02273949,-0.00505578,down,0.06295182,0.16478191,-0.05242321
2013-02,Shanghai,second_hand,0.01587335,-0.00505578,down,0.06295182,0.16478191,-0.05242321
2013-02,Hangzhou,new,0.00895974,-0.00505578,down,0.06295182,0.16478191,-0.05242321
2013-02,Hangzhou,second_hand,0.01390291,-0.00505578,down,0.06295182,0.16478191,-0.05242321
2013-02,Guangzhou,new,0.03052921,-0.00505578,down,0.06295182,0.16478191,-0.05242321
2013-02,Guangzhou,second_hand,0.01685712,-0.00505578,down,0.06295182,0.16478191,-0.05242321
2013-02,Shenzhen,new,0.02176149,-0.00505578,down,0.06295182,0.16478191,-0.05242321
2013-02,Shenzhen,second_hand,0.01390291,-0.00505578,down,0.06295182,0.16478191,-0.05242321
2013-02,Chengdu,new,0.00796817,-0.00505578,down,0.06295182,0.16478191,-0.05242321
2013-02,Chengdu,second_hand,0.00399202,-0.00505578,down,0.06295182,0.16478191,-0.05242321
2013-03,Beijing,new,0.02664193,-0.06900409,down,-0.00505578,0.06295182,0.16478191
2013-03,Beijing,second_hand,0.03052921,-0.06900409,down,-0.00505578,0.06295182,0.16478191
2013-03,Shanghai,new,0.03149867,-0.06900409,down,-0.00505578,0.06295182,0.16478191
2013-03,Shanghai,second_hand,0.02566775,-0.06900409,down,-0.00505578,0.06295182,0.16478191
2013-03,Hangzhou,new,0.01192857,-0.06900409,down,-0.00505578,0.06295182,0.16478191
2013-03,Hangzhou,second_hand,0.001998,-0.06900409,down,-0.00505578,0.06295182,0.16478191
2013-03,Guangzhou,new,0.02469261,-0.06900409,down,-0.00505578,0.06295182,0.16478191
2013-03,Guangzhou,second_hand,0.01488861,-0.06900409,down,-0.00505578,0.06295182,0.16478191
2013-03,Shenzhen,new,0.02761517,-0.06900409,down,-0.00505578,0.06295182,0.16478191
2013-03,Shenzhen,second_hand,0.02273949,-0.06900409,down,-0.00505578,0.06295182,0.16478191
2013-03,Chengdu,new,0.00895974,-0.06900409,down,-0.00505578,0.06295182,0.16478191
2013-03,Chengdu,second_hand,0.00796817,-0.06900409,down,-0.00505578,0.06295182,0.16478191
2013-04,Beijing,new,0.01783992,-0.01933133,down,-0.06900409,-0.00505578,0.06295182
2013-04,Beijing,second_hand,0.01980263,-0.01933133,down,-0.06900409,-0.00505578,0.06295182
2013-04,Shanghai,new,0.01980263,-0.01933133,down,-0.06900409,-0.00505578,0.06295182
2013-04,Shanghai,second_hand,0.01291623,-0.01933133,down,-0.06900409,-0.00505578,0.06295182
2013-04,Hangzhou,new,0.01390291,-0.01933133,down,-0.06900409,-0.00505578,0.06295182
2013-04,Hangzhou,second_hand,0.001998,-0.01933133,down,-0.06900409,-0.00505578,0.06295182
2013-04,Guangzhou,new,0.02078254,-0.01933133,down,-0.06900409,-0.00505578,0.06295182
2013-04,Guangzhou,second_hand,0.00697561,-0.01933133,down,-0.06900409,-0.00505578,0.06295182
2013-04,Shenzhen,new,0.01783992,-0.01933133,down,-0.06900409,-0.00505578,0.06295182
2013-04,Shenzhen,second_hand,0.01093994,-0.01933133,down,-0.06900409,-0.00505578,0.06295182
2013-04,Chengdu,new,0.01783992,-0.01933133,down,-0.06900409,-0.00505578,0.06295182
2013-04,Chengdu,second_hand,0.00598207,-0.01933133,down,-0.06900409,-0.00505578,0.06295182
2013-05,Beijing,new,0.01587335,0.06299201,up,-0.01933133,-0.06900409,-0.00505578
2013-05,Beijing,second_hand,0.01685712,0.06299201,up,-0.01933133,-0.06900409,-0.00505578
2013-05,Shanghai,new,0.01685712,0.06299201,up,-0.01933133,-0.06900409,-0.00505578
2013-05,Shanghai,second_hand,0.00895974,0.06299201,up,-0.01933133,-0.06900409,-0.00505578
2013-05,Hangzhou,new,0.00796817,0.06299201,up,-0.01933133,-0.06900409,-0.00505578
2013-05,Hangzhou,second_hand,0.0009995,0.06299201,up,-0.01933133,-0.06900409,-0.00505578
2013-05,Guangzhou,new,0.01488861,0.06299201,up,-0.01933133,-0.06900409,-0.00505578
2013-05,Guangzhou,second_hand,0.01093994,0.06299201,up,-0.01933133,-0.06900409,-0.00505578
2013-05,Shenzhen,new,0.01882175,0.06299201,up,-0.01933133,-0.06900409,-0.00505578
2013-05,Shenzhen,second_hand,0.00995033,0.06299201,up,-0.01933133,-0.06900409,-0.00505578
2013-05,Chengdu,new,0.00995033,0.06299201,up,-0.01933133,-0.06900409,-0.00505578
2013-05,Chengdu,second_hand,0.00299551,0.06299201,up,-0.01933133,-0.06900409,-0.00505578
2013-06,Beijing,new,0.01685712,-0.16923324,down,0.06299201,-0.01933133,-0.06900409
2013-06,Beijing,second_hand,0.01291623,-0.16923324,down,0.06299201,-0.01933133,-0.06900409
2013-06,Shanghai,new,0.02176149,-0.16923324,down,0.06299201,-0.01933133,-0.06900409
2013-06,Shanghai,second_hand,0.01093994,-0.16923324,down,0.06299201,-0.01933133,-0.06900409
2013-06,Hangzhou,new,0.00995033,-0.16923324,down,0.06299201,-0.01933133,-0.06900409
2013-06,Hangzhou,second_hand,0.00299551,-0.16923324,down,0.06299201,-0.01933133,-0.06900409
2013-06,Guangzhou,new,0.00995033,-0.16923324,down,0.06299201,-0.01933133,-0.06900409
2013-06,Guangzhou,second_hand,0.00895974,-0.16923324,down,0.06299201,-0.01933133,-0.06900409
2013-06,Shenzhen,new,0.01685712,-0.16923324,down,0.06299201,-0.01933133,-0.06900409
2013-06,Shenzhen,second_hand,0.01291623,-0.16923324,down,0.06299201,-0.01933133,-0.06900409
2013-06,Chengdu,new,0.00895974,-0.16923324,down,0.06299201,-0.01933133,-0.06900409
2013-06,Chengdu,second_hand,0.00598207,-0.16923324,down,0.06299201,-0.01933133,-0.06900409
2013-07,Beijing,new,0.01587335,-0.00346864,down,-0.16923324,0.06299201,-0.01933133
2013-07,Beijing,second_hand,0.01390291,-0.00346864,down,-0.16923324,0.06299201,-0.01933133
2013-07,Shanghai,new,0.01882175,-0.00346864,down,-0.16923324,0.06299201,-0.01933133
2013-07,Shanghai,second_hand,0.00796817,-0.00346864,down,-0.16923324,0.06299201,-0.01933133
2013-07,Hangzhou,new,0.00796817,-0.00346864,down,-0.16923324,0.06299201,-0.01933133
2013-07,Hangzhou,second_hand,-0.0010005,-0.00346864,down,-0.16923324,0.06299201,-0.01933133
2013-07,Guangzhou,new,0.01093994,-0.00346864,down,-0.16923324,0.06299201,-0.01933133
2013-07,Guangzhou,second_hand,0.00995033,-0.00346864,down,-0.16923324,0.06299201,-0.01933133
2013-07,Shenzhen,new,0.00895974,-0.00346864,down,-0.16923324,0.06299201,-0.01933133
2013-07,Shenzhen,second_hand,0.00995033,-0.00346864,down,-0.16923324,0.06299201,-0.01933133
2013-07,Chengdu,new,0.00299551,-0.00346864,down,-0.16923324,0.06299201,-0.01933133
2013-07,Chengdu,second_hand,0.00299551,-0.00346864,down,-0.16923324,0.06299201,-0.01933133
2013-08,Beijing,new,0.01093994,0.05365915,up,-0.00346864,-0.16923324,0.06299201
2013-08,Beijing,second_hand,0.01192857,0.05365915,up,-0.00346864,-0.16923324,0.06299201
2013-08,Shanghai,new,0.01685712,0.05365915,up,-0.00346864,-0.16923324,0.06299201
2013-08,Shanghai,second_hand,0.00796817,0.05365915,up,-0.00346864,-0.16923324,0.06299201
2013-08,Hangzhou,new,0.01093994,0.05365915,up,-0.00346864,-0.16923324,0.06299201
2013-08,Hangzhou,second_hand,0.001998,0.05365915,up,-0.00346864,-0.16923324,0.06299201
2013-08,Guangzhou,new,0.01685712,0.05365915,up,-0.00346864,-0.16923324,0.06299201
2013-08,Guangzhou,second_hand,0.00995033,0.05365915,up,-0.00346864,-0.16923324,0.06299201
2013-08,Shenzhen,new,0.01390291,0.05365915,up,-0.00346864,-0.16923324,0.06299201
2013-08,Shenzhen,second_hand,0.01587335,0.05365915,up,-0.00346864,-0.16923324,0.06299201
2013-08,Chengdu,new,0.00796817,0.05365915,up,-0.00346864,-0.16923324,0.06299201
2013-08,Chengdu,second_hand,0.00399202,0.05365915,up,-0.00346864,-0.16923324,0.06299201
2013-09,Beijing,new,0.01192857,0.04028959,up,0.05365915,-0.00346864,-0.16923324
2013-09,Beijing,second_hand,0.01291623,0.04028959,up,0.05365915,-0.00346864,-0.16923324
2013-09,Shanghai,new,0.01587335,0.04028959,up,0.05365915,-0.00346864,-0.16923324
2013-09,Shanghai,second_hand,0.00995033,0.04028959,up,0.05365915,-0.00346864,-0.16923324
2013-09,Hangzhou,new,0.01291623,0.04028959,up,0.05365915,-0.00346864,-0.16923324
2013-09,Hangzhou,second_hand,0.00598207,0.04028959,up,0.05365915,-0.00346864,-0.16923324
2013-09,Guangzhou,new,0.01390291,0.04028959,up,0.05365915,-0.00346864,-0.16923324
2013-09,Guangzhou,second_hand,0.00399202,0.04028959,up,0.05365915,-0.00346864,-0.16923324
2013-09,Shenzhen,new,0.01390291,0.04028959,up,0.05365915,-0.00346864,-0.16923324
2013-09,Shenzhen,second_hand,0.01291623,0.04028959,up,0.05365915,-0.00346864,-0.16923324
2013-09,Chengdu,new,0.00598207,0.04028959,up,0.05365915,-0.00346864,-0.16923324
2013-09,Chengdu,second_hand,0.00399202,0.04028959,up,0.05365915,-0.00346864,-0.16923324
2013-10,Beijing,new,0.00796817,-0.01476998,down,0.04028959,0.05365915,-0.00346864
2013-10,Beijing,second_hand,0.01093994,-0.01476998,down,0.04028959,0.05365915,-0.00346864
2013-10,Shanghai,new,0.00796817,-0.01476998,down,0.04028959,0.05365915,-0.00346864
2013-10,Shanghai,second_hand,0.00895974,-0.01476998,down,0.04028959,0.05365915,-0.00346864
2013-10,Hangzhou,new,0.00796817,-0.01476998,down,0.04028959,0.05365915,-0.00346864
2013-10,Hangzhou,second_hand,0,-0.01476998,down,0.04028959,0.05365915,-0.00346864
2013-10,Guangzhou,new,0.00895974,-0.01476998,down,0.04028959,0.05365915,-0.00346864
2013-10,Guangzhou,second_hand,0.00995033,-0.01476998,down,0.04028959,0.05365915,-0.00346864
2013-10,Shenzhen,new,0.00895974,-0.01476998,down,0.04028959,0.05365915,-0.00346864
2013-10,Shenzhen,second_hand,0.00895974,-0.01476998,down,0.04028959,0.05365915,-0.00346864
2013-10,Chengdu,new,0.00399202,-0.01476998,down,0.04028959,0.05365915,-0.00346864
2013-10,Chengdu,second_hand,0.00598207,-0.01476998,down,0.04028959,0.05365915,-0.00346864
2013-11,Beijing,new,0.00697561,0.02710517,up,-0.01476998,0.04028959,0.05365915
2013-11,Beijing,second_hand,0.01192857,0.02710517,up,-0.01476998,0.04028959,0.05365915
2013-11,Shanghai,new,0.00697561,0.02710517,up,-0.01476998,0.04028959,0.05365915
2013-11,Shanghai,second_hand,0.00697561,0.02710517,up,-0.01476998,0.04028959,0.05365915
2013-11,Hangzhou,new,0.00598207,0.02710517,up,-0.01476998,0.04028959,0.05365915
2013-11,Hangzhou,second_hand,0.00299551,0.02710517,up,-0.01476998,0.04028959,0.05365915
2013-11,Guangzhou,new,0.00796817,0.02710517,up,-0.01476998,0.04028959,0.05365915
2013-11,Guangzhou,second_hand,0.01192857,0.02710517,up,-0.01476998,0.04028959,0.05365915
2013-11,Shenzhen,new,0.00895974,0.02710517,up,-0.01476998,0.04028959,0.05365915
2013-11,Shenzhen,second_hand,0.00796817,0.02710517,up,-0.01476998,0.04028959,0.05365915
2013-11,Chengdu,new,0.00598207,0.02710517,up,-0.01476998,0.04028959,0.05365915
2013-11,Chengdu,second_hand,0.00399202,0.02710517,up,-0.01476998,0.04028959,0.05365915
2013-12,Beijing,new,0.00598207,-0.04568238,down,0.02710517,-0.01476998,0.04028959
2013-12,Beijing,second_hand,0.00598207,-0.04568238,down,0.02710517,-0.01476998,0.04028959
2013-12,Shanghai,new,0.00598207,-0.04568238,down,0.02710517,-0.01476998,0.04028959
2013-12,Shanghai,second_hand,0.00498754,-0.04568238,down,0.02710517,-0.01476998,0.04028959
2013-12,Hangzhou,new,0.0009995,-0.04568238,down,0.02710517,-0.01476998,0.04028959
2013-12,Hangzhou,second_hand,0.001998,-0.04568238,down,0.02710517,-0.01476998,0.04028959
2013-12,Guangzhou,new,0.00697561,-0.04568238,down,0.02710517,-0.01476998,0.04028959
2013-12,Guangzhou,second_hand,0.00598207,-0.04568238,down,0.02710517,-0.01476998,0.04028959
2013-12,Shenzhen,new,0.00498754,-0.04568238,down,0.02710517,-0.01476998,0.04028959
2013-12,Shenzhen,second_hand,0.00697561,-0.04568238,down,0.02710517,-0.01476998,0.04028959
2013-12,Chengdu,new,0.001998,-0.04568238,down,0.02710517,-0.01476998,0.04028959
2013-12,Chengdu,second_hand,0.00399202,-0.04568238,down,0.02710517,-0.01476998,0.04028959
2014-01,Beijing,new,0.00498754,-0.05631077,down,-0.04568238,0.02710517,-0.01476998
2014-01,Beijing,second_hand,-0.0010005,-0.05631077,down,-0.04568238,0.02710517,-0.01476998
2014-01,Shanghai,new,0.00498754,-0.05631077,down,-0.04568238,0.02710517,-0.01476998
2014-01,Shanghai,second_hand,0.0009995,-0.05631077,down,-0.04568238,0.02710517,-0.01476998
2014-01,Hangzhou,new,-0.0010005,-0.05631077,down,-0.04568238,0.02710517,-0.01476998
2014-01,Hangzhou,second_hand,0,-0.05631077,down,-0.04568238,0.02710517,-0.01476998
2014-01,Guangzhou,new,0.00697561,-0.05631077,down,-0.04568238,0.02710517,-0.01476998
2014-01,Guangzhou,second_hand,0.00995033,-0.05631077,down,-0.04568238,0.02710517,-0.01476998
2014-01,Shenzhen,new,0.00399202,-0.05631077,down,-0.04568238,0.02710517,-0.01476998
2014-01,Shenzhen,second_hand,0.00796817,-0.05631077,down,-0.04568238,0.02710517,-0.01476998
2014-01,Chengdu,new,0.00598207,-0.05631077,down,-0.04568238,0.02710517,-0.01476998
2014-01,Chengdu,second_hand,0.00299551,-0.05631077,down,-0.04568238,0.02710517,-0.01476998
2014-02,Beijing,new,0.00299551,-0.01071809,down,-0.05631077,-0.04568238,0.02710517
2014-02,Beijing,second_hand,0,-0.01071809,down,-0.05631077,-0.04568238,0.02710517
2014-02,Shanghai,new,0.00399202,-0.01071809,down,-0.05631077,-0.04568238,0.02710517
2014-02,Shanghai,second_hand,0.00598207,-0.01071809,down,-0.05631077,-0.04568238,0.02710517
2014-02,Hangzhou,new,0,-0.01071809,down,-0.05631077,-0.04568238,0.02710517
2014-02,Hangzhou,second_hand,-0.00400802,-0.01071809,down,-0.05631077,-0.04568238,0.02710517
2014-02,Guangzhou,new,0.00498754,-0.01071809,down,-0.05631077,-0.04568238,0.02710517
2014-02,Guangzhou,second_hand,0.00299551,-0.01071809,down,-0.05631077,-0.04568238,0.02710517
2014-02,Shenzhen,new,0.00299551,-0.01071809,down,-0.05631077,-0.04568238,0.02710517
2014-02,Shenzhen,second_hand,0.00796817,-0.01071809,down,-0.05631077,-0.04568238,0.02710517
2014-02,Chengdu,new,0.00498754,-0.01071809,down,-0.05631077,-0.04568238,0.02710517
2014-02,Chengdu,second_hand,0.0009995,-0.01071809,down,-0.05631077,-0.04568238,0.02710517
2014-03,Beijing,new,0.00498754,-0.0151022,down,-0.01071809,-0.05631077,-0.04568238
2014-03,Beijing,second_hand,0.001998,-0.0151022,down,-0.01071809,-0.05631077,-0.04568238
2014-03,Shanghai,new,0.00399202,-0.0151022,down,-0.01071809,-0.05631077,-0.04568238
2014-03,Shanghai,second_hand,0.001998,-0.0151022,down,-0.01071809,-0.05631077,-0.04568238
2014-03,Hangzhou,new,0,-0.0151022,down,-0.01071809,-0.05631077,-0.04568238
2014-03,Hangzhou,second_hand,-0.002002,-0.0151022,down,-0.01071809,-0.05631077,-0.04568238
2014-03,Guangzhou,new,0.00399202,-0.0151022,down,-0.01071809,-0.05631077,-0.04568238
2014-03,Guangzhou,second_hand,0.001998,-0.0151022,down,-0.01071809,-0.05631077,-0.04568238
2014-03,Shenzhen,new,0.001998,-0.0151022,down,-0.01071809,-0.05631077,-0.04568238
2014-03,Shenzhen,second_hand,0.01093994,-0.0151022,down,-0.01071809,-0.05631077,-0.04568238
2014-03,Chengdu,new,0.00299551,-0.0151022,down,-0.01071809,-0.05631077,-0.04568238
2014-03,Chengdu,second_hand,0.00299551,-0.0151022,down,-0.01071809,-0.05631077,-0.04568238
2014-04,Beijing,new,0.001998,0.00573757,up,-0.0151022,-0.01071809,-0.05631077
2014-04,Beijing,second_hand,-0.002002,0.00573757,up,-0.0151022,-0.01071809,-0.05631077
2014-04,Shanghai,new,0.00299551,0.00573757,up,-0.0151022,-0.01071809,-0.05631077
2014-04,Shanghai,second_hand,0,0.00573757,up,-0.0151022,-0.01071809,-0.05631077
2014-04,Hangzhou,new,-0.00702461,0.00573757,up,-0.0151022,-0.01071809,-0.05631077
2014-04,Hangzhou,second_hand,-0.00803217,0.00573757,up,-0.0151022,-0.01071809,-0.05631077
2014-04,Guangzhou,new,0.0009995,0.00573757,up,-0.0151022,-0.01071809,-0.05631077
2014-04,Guangzhou,second_hand,0.00697561,0.00573757,up,-0.0151022,-0.01071809,-0.05631077
2014-04,Shenzhen,new,0.001998,0.00573757,up,-0.0151022,-0.01071809,-0.05631077
2014-04,Shenzhen,second_hand,0.0009995,0.00573757,up,-0.0151022,-0.01071809,-0.05631077
2014-04,Chengdu,new,0.0009995,0.00573757,up,-0.0151022,-0.01071809,-0.05631077
2014-04,Chengdu,second_hand,-0.002002,0.00573757,up,-0.0151022,-0.01071809,-0.05631077
2014-05,Beijing,new,0.001998,-0.00101967,down,0.00573757,-0.0151022,-0.01071809
2014-05,Beijing,second_hand,-0.00904074,-0.00101967,down,0.00573757,-0.0151022,-0.01071809
2014-05,Shanghai,new,-0.00300451,-0.00101967,down,0.00573757,-0.0151022,-0.01071809
2014-05,Shanghai,second_hand,-0.002002,-0.00101967,down,0.00573757,-0.0151022,-0.01071809
2014-05,Hangzhou,new,-0.01409892,-0.00101967,down,0.00573757,-0.0151022,-0.01071809
2014-05,Hangzhou,second_hand,-0.00400802,-0.00101967,down,0.00573757,-0.0151022,-0.01071809
2014-05,Guangzhou,new,0,-0.00101967,down,0.00573757,-0.0151022,-0.01071809
2014-05,Guangzhou,second_hand,0.0009995,-0.00101967,down,0.00573757,-0.0151022,-0.01071809
2014-05,Shenzhen,new,-0.002002,-0.00101967,down,0.00573757,-0.0151022,-0.01071809
2014-05,Shenzhen,second_hand,0.001998,-0.00101967,down,0.00573757,-0.0151022,-0.01071809
2014-05,Chengdu,new,-0.00300451,-0.00101967,down,0.00573757,-0.0151022,-0.01071809
2014-05,Chengdu,second_hand,0,-0.00101967,down,0.00573757,-0.0151022,-0.01071809
2014-06,Beijing,new,0.0009995,0.0040078,up,-0.00101967,0.00573757,-0.0151022
2014-06,Beijing,second_hand,-0.01308524,0.0040078,up,-0.00101967,0.00573757,-0.0151022
2014-06,Shanghai,new,-0.00702461,0.0040078,up,-0.00101967,0.00573757,-0.0151022
2014-06,Shanghai,second_hand,-0.00702461,0.0040078,up,-0.00101967,0.00573757,-0.0151022
2014-06,Hangzhou,new,-0.01816397,0.0040078,up,-0.00101967,0.00573757,-0.0151022
2014-06,Hangzhou,second_hand,-0.00904074,0.0040078,up,-0.00101967,0.00573757,-0.0151022
2014-06,Guangzhou,new,-0.00601807,0.0040078,up,-0.00101967,0.00573757,-0.0151022
2014-06,Guangzhou,second_hand,-0.00300451,0.0040078,up,-0.00101967,0.00573757,-0.0151022
2014-06,Shenzhen,new,-0.00400802,0.0040078,up,-0.00101967,0.00573757,-0.0151022
2014-06,Shenzhen,second_hand,-0.00601807,0.0040078,up,-0.00101967,0.00573757,-0.0151022
2014-06,Chengdu,new,-0.00601807,0.0040078,up,-0.00101967,0.00573757,-0.0151022
2014-06,Chengdu,second_hand,-0.00501254,0.0040078,up,-0.00101967,0.00573757,-0.0151022
2014-07,Beijing,new,-0.01308524,0.08204592,up,0.0040078,-0.00101967,0.00573757
2014-07,Beijing,second_hand,-0.00803217,0.08204592,up,0.0040078,-0.00101967,0.00573757
2014-07,Shanghai,new,-0.01409892,0.08204592,up,0.0040078,-0.00101967,0.00573757
2014-07,Shanghai,second_hand,-0.00904074,0.08204592,up,0.0040078,-0.00101967,0.00573757
2014-07,Hangzhou,new,-0.02531781,0.08204592,up,0.0040078,-0.00101967,0.00573757
2014-07,Hangzhou,second_hand,-0.01106095,0.08204592,up,0.0040078,-0.00101967,0.00573757
2014-07,Guangzhou,new,-0.01308524,0.08204592,up,0.0040078,-0.00101967,0.00573757
2014-07,Guangzhou,second_hand,-0.01106095,0.08204592,up,0.0040078,-0.00101967,0.00573757
2014-07,Shenzhen,new,-0.00601807,0.08204592,up,0.0040078,-0.00101967,0.00573757
2014-07,Shenzhen,second_hand,-0.00601807,0.08204592,up,0.0040078,-0.00101967,0.00573757
2014-07,Chengdu,new,-0.01106095,0.08204592,up,0.0040078,-0.00101967,0.00573757
2014-07,Chengdu,second_hand,-0.01207258,0.08204592,up,0.0040078,-0.00101967,0.00573757
2014-08,Beijing,new,-0.01207258,-0.00510181,down,0.08204592,0.0040078,-0.00101967
2014-08,Beijing,second_hand,-0.00904074,-0.00510181,down,0.08204592,0.0040078,-0.00101967
2014-08,Shanghai,new,-0.01308524,-0.00510181,down,0.08204592,0.0040078,-0.00101967
2014-08,Shanghai,second_hand,-0.00702461,-0.00510181,down,0.08204592,0.0040078,-0.00101967
2014-08,Hangzhou,new,-0.02122364,-0.00510181,down,0.08204592,0.0040078,-0.00101967
2014-08,Hangzhou,second_hand,-0.00601807,-0.00510181,down,0.08204592,0.0040078,-0.00101967
2014-08,Guangzhou,new,-0.01308524,-0.00510181,down,0.08204592,0.0040078,-0.00101967
2014-08,Guangzhou,second_hand,-0.01409892,-0.00510181,down,0.08204592,0.0040078,-0.00101967
2014-08,Shenzhen,new,-0.01106095,-0.00510181,down,0.08204592,0.0040078,-0.00101967
2014-08,Shenzhen,second_hand,-0.00501254,-0.00510181,down,0.08204592,0.0040078,-0.00101967
2014-08,Chengdu,new,-0.01207258,-0.00510181,down,0.08204592,0.0040078,-0.00101967
2014-08,Chengdu,second_hand,-0.00904074,-0.00510181,down,0.08204592,0.0040078,-0.00101967
2014-09,Beijing,new,-0.00904074,0.04707213,up,-0.00510181,0.08204592,0.0040078
2014-09,Beijing,second_hand,-0.01409892,0.04707213,up,-0.00510181,0.08204592,0.0040078
2014-09,Shanghai,new,-0.01106095,0.04707213,up,-0.00510181,0.08204592,0.0040078
2014-09,Shanghai,second_hand,-0.00803217,0.04707213,up,-0.00510181,0.08204592,0.0040078
2014-09,Hangzhou,new,-0.01207258,0.04707213,up,-0.00510181,0.08204592,0.0040078
2014-09,Hangzhou,second_hand,-0.00702461,0.04707213,up,-0.00510181,0.08204592,0.0040078
2014-09,Guangzhou,new,-0.01409892,0.04707213,up,-0.00510181,0.08204592,0.0040078
2014-09,Guangzhou,second_hand,-0.01308524,0.04707213,up,-0.00510181,0.08204592,0.0040078
2014-09,Shenzhen,new,-0.00904074,0.04707213,up,-0.00510181,0.08204592,0.0040078
2014-09,Shenzhen,second_hand,-0.00702461,0.04707213,up,-0.00510181,0.08204592,0.0040078
2014-09,Chengdu,new,-0.01106095,0.04707213,up,-0.00510181,0.08204592,0.0040078
2014-09,Chengdu,second_hand,-0.01106095,0.04707213,up,-0.00510181,0.08204592,0.0040078
2014-10,Beijing,new,-0.01308524,0.02312517,up,0.04707213,-0.00510181,0.08204592
2014-10,Beijing,second_hand,0.00299551,0.02312517,up,0.04707213,-0.00510181,0.08204592
2014-10,Shanghai,new,-0.00702461,0.02312517,up,0.04707213,-0.00510181,0.08204592
2014-10,Shanghai,second_hand,0,0.02312517,up,0.04707213,-0.00510181,0.08204592
2014-10,Hangzhou,new,-0.00501254,0.02312517,up,0.04707213,-0.00510181,0.08204592
2014-10,Hangzhou,second_hand,0.00299551,0.02312517,up,0.04707213,-0.00510181,0.08204592
2014-10,Guangzhou,new,-0.01207258,0.02312517,up,0.04707213,-0.00510181,0.08204592
2014-10,Guangzhou,second_hand,0,0.02312517,up,0.04707213,-0.00510181,0.08204592
2014-10,Shenzhen,new,-0.00400802,0.02312517,up,0.04707213,-0.00510181,0.08204592
2014-10,Shenzhen,second_hand,0,0.02312517,up,0.04707213,-0.00510181,0.08204592
2014-10,Chengdu,new,-0.01207258,0.02312517,up,0.04707213,-0.00510181,0.08204592
2014-10,Chengdu,second_hand,-0.00702461,0.02312517,up,0.04707213,-0.00510181,0.08204592
2014-11,Beijing,new,-0.00300451,0.11314727,up,0.02312517,0.04707213,-0.00510181
2014-11,Beijing,second_hand,0.00697561,0.11314727,up,0.02312517,0.04707213,-0.00510181
2014-11,Shanghai,new,-0.00501254,0.11314727,up,0.02312517,0.04707213,-0.00510181
2014-11,Shanghai,second_hand,0,0.11314727,up,0.02312517,0.04707213,-0.00510181
2014-11,Hangzhou,new,-0.00400802,0.11314727,up,0.02312517,0.04707213,-0.00510181
2014-11,Hangzhou,second_hand,-0.002002,0.11314727,up,0.02312517,0.04707213,-0.00510181
2014-11,Guangzhou,new,-0.00400802,0.11314727,up,0.02312517,0.04707213,-0.00510181
2014-11,Guangzhou,second_hand,0,0.11314727,up,0.02312517,0.04707213,-0.00510181
2014-11,Shenzhen,new,0,0.11314727,up,0.02312517,0.04707213,-0.00510181
2014-11,Shenzhen,second_hand,0.00399202,0.11314727,up,0.02312517,0.04707213,-0.00510181
2014-11,Chengdu,new,-0.00601807,0.11314727,up,0.02312517,0.04707213,-0.00510181
2014-11,Chengdu,second_hand,-0.0010005,0.11314727,up,0.02312517,0.04707213,-0.00510181
2014-12,Beijing,new,-0.002002,0.22958384,up,0.11314727,0.02312517,0.04707213
2014-12,Beijing,second_hand,0.001998,0.22958384,up,0.11314727,0.02312517,0.04707213
2014-12,Shanghai,new,-0.00300451,0.22958384,up,0.11314727,0.02312517,0.04707213
2014-12,Shanghai,second_hand,0.00399202,0.22958384,up,0.11314727,0.02312517,0.04707213
2014-12,Hangzhou,new,-0.00300451,0.22958384,up,0.11314727,0.02312517,0.04707213
2014-12,Hangzhou,second_hand,-0.00300451,0.22958384,up,0.11314727,0.02312517,0.04707213
2014-12,Guangzhou,new,-0.002002,0.22958384,up,0.11314727,0.02312517,0.04707213
2014-12,Guangzhou,second_hand,0.001998,0.22958384,up,0.11314727,0.02312517,0.04707213
2014-12,Shenzhen,new,0.01192857,0.22958384,up,0.11314727,0.02312517,0.04707213
2014-12,Shenzhen,second_hand,0.00697561,0.22958384,up,0.11314727,0.02312517,0.04707213
2014-12,Chengdu,new,-0.002002,0.22958384,up,0.11314727,0.02312517,0.04707213
2014-12,Chengdu,second_hand,-0.002002,0.22958384,up,0.11314727,0.02312517,0.04707213
2015-01,Beijing,new,-0.0010005,-0.02850898,down,0.22958384,0.11314727,0.02312517
2015-01,Beijing,second_hand,0,-0.02850898,down,0.22958384,0.11314727,0.02312517
2015-01,Shanghai,new,0,-0.02850898,down,0.22958384,0.11314727,0.02312517
2015-01,Shanghai,second_hand,0.00299551,-0.02850898,down,0.22958384,0.11314727,0.02312517
2015-01,Hangzhou,new,-0.00300451,-0.02850898,down,0.22958384,0.11314727,0.02312517
2015-01,Hangzhou,second_hand,-0.00300451,-0.02850898,down,0.22958384,0.11314727,0.02312517
2015-01,Guangzhou,new,0,-0.02850898,down,0.22958384,0.11314727,0.02312517
2015-01,Guangzhou,second_hand,-0.002002,-0.02850898,down,0.22958384,0.11314727,0.02312517
2015-01,Shenzhen,new,0.00299551,-0.02850898,down,0.22958384,0.11314727,0.02312517
2015-01,Shenzhen,second_hand,0.00598207,-0.02850898,down,0.22958384,0.11314727,0.02312517
2015-01,Chengdu,new,-0.00300451,-0.02850898,down,0.22958384,0.11314727,0.02312517
2015-01,Chengdu,second_hand,-0.00501254,-0.02850898,down,0.22958384,0.11314727,0.02312517
2015-02,Beijing,new,-0.00300451,0.03952147,up,-0.02850898,0.22958384,0.11314727
2015-02,Beijing,second_hand,-0.0010005,0.03952147,up,-0.02850898,0.22958384,0.11314727
2015-02,Shanghai,new,-0.0010005,0.03952147,up,-0.02850898,0.22958384,0.11314727
2015-02,Shanghai,second_hand,0.0009995,0.03952147,up,-0.02850898,0.22958384,0.11314727
2015-02,Hangzhou,new,-0.00400802,0.03952147,up,-0.02850898,0.22958384,0.11314727
2015-02,Hangzhou,second_hand,-0.002002,0.03952147,up,-0.02850898,0.22958384,0.11314727
2015-02,Guangzhou,new,-0.002002,0.03952147,up,-0.02850898,0.22958384,0.11314727
2015-02,Guangzhou,second_hand,-0.00300451,0.03952147,up,-0.02850898,0.22958384,0.11314727
2015-02,Shenzhen,new,0.001998,0.03952147,up,-0.02850898,0.22958384,0.11314727
2015-02,Shenzhen,second_hand,0.00299551,0.03952147,up,-0.02850898,0.22958384,0.11314727
2015-02,Chengdu,new,-0.00400802,0.03952147,up,-0.02850898,0.22958384,0.11314727
2015-02,Chengdu,second_hand,-0.00400802,0.03952147,up,-0.02850898,0.22958384,0.11314727
2015-03,Beijing,new,0.00299551,0.12565234,up,0.03952147,-0.02850898,0.22958384
2015-03,Beijing,second_hand,0.00498754,0.12565234,up,0.03952147,-0.02850898,0.22958384
2015-03,Shanghai,new,0,0.12565234,up,0.03952147,-0.02850898,0.22958384
2015-03,Shanghai,second_hand,0,0.12565234,up,0.03952147,-0.02850898,0.22958384
2015-03,Hangzhou,new,-0.00501254,0.12565234,up,0.03952147,-0.02850898,0.22958384
2015-03,Hangzhou,second_hand,-0.0010005,0.12565234,up,0.03952147,-0.02850898,0.22958384
2015-03,Guangzhou,new,-0.0010005,0.12565234,up,0.03952147,-0.02850898,0.22958384
2015-03,Guangzhou,second_hand,0,0.12565234,up,0.03952147,-0.02850898,0.22958384
2015-03,Shenzhen,new,0.00697561,0.12565234,up,0.03952147,-0.02850898,0.22958384
2015-03,Shenzhen,second_hand,0.00498754,0.12565234,up,0.03952147,-0.02850898,0.22958384
2015-03,Chengdu,new,-0.00601807,0.12565234,up,0.03952147,-0.02850898,0.22958384
2015-03,Chengdu,second_hand,-0.0010005,0.12565234,up,0.03952147,-0.02850898,0.22958384
2015-04,Beijing,new,0.00796817,0.15910833,up,0.12565234,0.03952147,-0.02850898
2015-04,Beijing,second_hand,0.02078254,0.15910833,up,0.12565234,0.03952147,-0.02850898
2015-04,Shanghai,new,0.00697561,0.15910833,up,0.12565234,0.03952147,-0.02850898
2015-04,Shanghai,second_hand,0.00598207,0.15910833,up,0.12565234,0.03952147,-0.02850898
2015-04,Hangzhou,new,0.00399202,0.15910833,up,0.12565234,0.03952147,-0.02850898
2015-04,Hangzhou,second_hand,0.001998,0.15910833,up,0.12565234,0.03952147,-0.02850898
2015-04,Guangzhou,new,0.00399202,0.15910833,up,0.12565234,0.03952147,-0.02850898
2015-04,Guangzhou,second_hand,0.01093994,0.15910833,up,0.12565234,0.03952147,-0.02850898
2015-04,Shenzhen,new,0.01783992,0.15910833,up,0.12565234,0.03952147,-0.02850898
2015-04,Shenzhen,second_hand,0.02371653,0.15910833,up,0.12565234,0.03952147,-0.02850898
2015-04,Chengdu,new,-0.0010005,0.15910833,up,0.12565234,0.03952147,-0.02850898
2015-04,Chengdu,second_hand,-0.002002,0.15910833,up,0.12565234,0.03952147,-0.02850898
2015-05,Beijing,new,0.01390291,0.01896473,up,0.15910833,0.12565234,0.03952147
2015-05,Beijing,second_hand,0.04210118,0.01896473,up,0.15910833,0.12565234,0.03952147
2015-05,Shanghai,new,0.02566775,0.01896473,up,0.15910833,0.12565234,0.03952147
2015-05,Shanghai,second_hand,0.02176149,0.01896473,up,0.15910833,0.12565234,0.03952147
2015-05,Hangzhou,new,0.00598207,0.01896473,up,0.15910833,0.12565234,0.03952147
2015-05,Hangzhou,second_hand,0.00299551,0.01896473,up,0.15910833,0.12565234,0.03952147
2015-05,Guangzhou,new,0.01390291,0.01896473,up,0.15910833,0.12565234,0.03952147
2015-05,Guangzhou,second_hand,0.02273949,0.01896473,up,0.15910833,0.12565234,0.03952147
2015-05,Shenzhen,new,0.06485097,0.01896473,up,0.15910833,0.12565234,0.03952147
2015-05,Shenzhen,second_hand,0.0610951,0.01896473,up,0.15910833,0.12565234,0.03952147
2015-05,Chengdu,new,0.0009995,0.01896473,up,0.15910833,0.12565234,0.03952147
2015-05,Chengdu,second_hand,-0.00501254,0.01896473,up,0.15910833,0.12565234,0.03952147
2015-06,Beijing,new,0.01587335,-0.07902687,down,0.01896473,0.15910833,0.12565234
2015-06,Beijing,second_hand,0.02273949,-0.07902687,down,0.01896473,0.15910833,0.12565234
2015-06,Shanghai,new,0.02371653,-0.07902687,down,0.01896473,0.15910833,0.12565234
2015-06,Shanghai,second_hand,0.01192857,-0.07902687,down,0.01896473,0.15910833,0.12565234
2015-06,Hangzhou,new,0.01291623,-0.07902687,down,0.01896473,0.15910833,0.12565234
2015-06,Hangzhou,second_hand,0.00697561,-0.07902687,down,0.01896473,0.15910833,0.12565234
2015-06,Guangzhou,new,0.01587335,-0.07902687,down,0.01896473,0.15910833,0.12565234
2015-06,Guangzhou,second_hand,0.01783992,-0.07902687,down,0.01896473,0.15910833,0.12565234
2015-06,Shenzhen,new,0.06952606,-0.07902687,down,0.01896473,0.15910833,0.12565234
2015-06,Shenzhen,second_hand,0.06672363,-0.07902687,down,0.01896473,0.15910833,0.12565234
2015-06,Chengdu,new,0.001998,-0.07902687,down,0.01896473,0.15910833,0.12565234
2015-06,Chengdu,second_hand,0.00399202,-0.07902687,down,0.01896473,0.15910833,0.12565234
2015-07,Beijing,new,0.01390291,-0.15867315,down,-0.07902687,0.01896473,0.15910833
2015-07,Beijing,second_hand,0.02566775,-0.15867315,down,-0.07902687,0.01896473,0.15910833
2015-07,Shanghai,new,0.01882175,-0.15867315,down,-0.07902687,0.01896473,0.15910833
2015-07,Shanghai,second_hand,0.01587335,-0.15867315,down,-0.07902687,0.01896473,0.15910833
2015-07,Hangzhou,new,0.00895974,-0.15867315,down,-0.07902687,0.01896473,0.15910833
2015-07,Hangzhou,second_hand,0.00598207,-0.15867315,down,-0.07902687,0.01896473,0.15910833
2015-07,Guangzhou,new,0.01192857,-0.15867315,down,-0.07902687,0.01896473,0.15910833
2015-07,Guangzhou,second_hand,0.01291623,-0.15867315,down,-0.07902687,0.01896473,0.15910833
2015-07,Shenzhen,new,0.0610951,-0.15867315,down,-0.07902687,0.01896473,0.15910833
2015-07,Shenzhen,second_hand,0.05164323,-0.15867315,down,-0.07902687,0.01896473,0.15910833
2015-07,Chengdu,new,0.00498754,-0.15867315,down,-0.07902687,0.01896473,0.15910833
2015-07,Chengdu,second_hand,0.00299551,-0.15867315,down,-0.07902687,0.01896473,0.15910833
2015-08,Beijing,new,0.01291623,-0.12550066,down,-0.15867315,-0.07902687,0.01896473
2015-08,Beijing,second_hand,0.01980263,-0.12550066,down,-0.15867315,-0.07902687,0.01896473
2015-08,Shanghai,new,0.01587335,-0.12550066,down,-0.15867315,-0.07902687,0.01896473
2015-08,Shanghai,second_hand,0.01093994,-0.12550066,down,-0.15867315,-0.07902687,0.01896473
2015-08,Hangzhou,new,0.00697561,-0.12550066,down,-0.15867315,-0.07902687,0.01896473
2015-08,Hangzhou,second_hand,0.00498754,-0.12550066,down,-0.15867315,-0.07902687,0.01896473
2015-08,Guangzhou,new,0.00895974,-0.12550066,down,-0.15867315,-0.07902687,0.01896473
2015-08,Guangzhou,second_hand,0.00995033,-0.12550066,down,-0.15867315,-0.07902687,0.01896473
2015-08,Shenzhen,new,0.05069311,-0.12550066,down,-0.15867315,-0.07902687,0.01896473
2015-08,Shenzhen,second_hand,0.04305949,-0.12550066,down,-0.15867315,-0.07902687,0.01896473
2015-08,Chengdu,new,0.00299551,-0.12550066,down,-0.15867315,-0.07902687,0.01896473
2015-08,Chengdu,second_hand,0.001998,-0.12550066,down,-0.15867315,-0.07902687,0.01896473
2015-09,Beijing,new,0.01093994,-0.04981325,down,-0.12550066,-0.15867315,-0.07902687
2015-09,Beijing,second_hand,0.01390291,-0.04981325,down,-0.12550066,-0.15867315,-0.07902687
2015-09,Shanghai,new,0.01882175,-0.04981325,down,-0.12550066,-0.15867315,-0.07902687
2015-09,Shanghai,second_hand,0.00995033,-0.04981325,down,-0.12550066,-0.15867315,-0.07902687
2015-09,Hangzhou,new,0.00598207,-0.04981325,down,-0.12550066,-0.15867315,-0.07902687
2015-09,Hangzhou,second_hand,0.00399202,-0.04981325,down,-0.12550066,-0.15867315,-0.07902687
2015-09,Guangzhou,new,0.01390291,-0.04981325,down,-0.12550066,-0.15867315,-0.07902687
2015-09,Guangzhou,second_hand,0.01192857,-0.04981325,down,-0.12550066,-0.15867315,-0.07902687
2015-09,Shenzhen,new,0.03922071,-0.04981325,down,-0.12550066,-0.15867315,-0.07902687
2015-09,Shenzhen,second_hand,0.03246719,-0.04981325,down,-0.12550066,-0.15867315,-0.07902687
2015-09,Chengdu,new,0.0009995,-0.04981325,down,-0.12550066,-0.15867315,-0.07902687
2015-09,Chengdu,second_hand,0.001998,-0.04981325,down,-0.12550066,-0.15867315,-0.07902687
2015-10,Beijing,new,0.00796817,0.09838075,up,-0.04981325,-0.12550066,-0.15867315
2015-10,Beijing,second_hand,0.01093994,0.09838075,up,-0.04981325,-0.12550066,-0.15867315
2015-10,Shanghai,new,0.02078254,0.09838075,up,-0.04981325,-0.12550066,-0.15867315
2015-10,Shanghai,second_hand,0.00796817,0.09838075,up,-0.04981325,-0.12550066,-0.15867315
2015-10,Hangzhou,new,0.00598207,0.09838075,up,-0.04981325,-0.12550066,-0.15867315
2015-10,Hangzhou,second_hand,0.001998,0.09838075,up,-0.04981325,-0.12550066,-0.15867315
2015-10,Guangzhou,new,0.00796817,0.09838075,up,-0.04981325,-0.12550066,-0.15867315
2015-10,Guangzhou,second_hand,0.01093994,0.09838075,up,-0.04981325,-0.12550066,-0.15867315
2015-10,Shenzhen,new,0.01192857,0.09838075,up,-0.04981325,-0.12550066,-0.15867315
2015-10,Shenzhen,second_hand,0.00995033,0.09838075,up,-0.04981325,-0.12550066,-0.15867315
2015-10,Chengdu,new,0.0009995,0.09838075,up,-0.04981325,-0.12550066,-0.15867315
2015-10,Chengdu,second_hand,-0.0010005,0.09838075,up,-0.04981325,-0.12550066,-0.15867315
2015-11,Beijing,new,0.00995033,0.00910648,up,0.09838075,-0.04981325,-0.12550066
2015-11,Beijing,second_hand,0.01390291,0.00910648,up,0.09838075,-0.04981325,-0.12550066
2015-11,Shanghai,new,0.01882175,0.00910648,up,0.09838075,-0.04981325,-0.12550066
2015-11,Shanghai,second_hand,0.00995033,0.00910648,up,0.09838075,-0.04981325,-0.12550066
2015-11,Hangzhou,new,0.00697561,0.00910648,up,0.09838075,-0.04981325,-0.12550066
2015-11,Hangzhou,second_hand,0.00697561,0.00910648,up,0.09838075,-0.04981325,-0.12550066
2015-11,Guangzhou,new,0.00598207,0.00910648,up,0.09838075,-0.04981325,-0.12550066
2015-11,Guangzhou,second_hand,0.00697561,0.00910648,up,0.09838075,-0.04981325,-0.12550066
2015-11,Shenzhen,new,0.02858746,0.00910648,up,0.09838075,-0.04981325,-0.12550066
2015-11,Shenzhen,second_hand,0.01882175,0.00910648,up,0.09838075,-0.04981325,-0.12550066
2015-11,Chengdu,new,0.00498754,0.00910648,up,0.09838075,-0.04981325,-0.12550066
2015-11,Chengdu,second_hand,0.00299551,0.00910648,up,0.09838075,-0.04981325,-0.12550066
2015-12,Beijing,new,0.00498754,0.04511681,up,0.00910648,0.09838075,-0.04981325
2015-12,Beijing,second_hand,0.01685712,0.04511681,up,0.00910648,0.09838075,-0.04981325
2015-12,Shanghai,new,0.02078254,0.04511681,up,0.00910648,0.09838075,-0.04981325
2015-12,Shanghai,second_hand,0.01192857,0.04511681,up,0.00910648,0.09838075,-0.04981325
2015-12,Hangzhou,new,0.01192857,0.04511681,up,0.00910648,0.09838075,-0.04981325
2015-12,Hangzhou,second_hand,0.00995033,0.04511681,up,0.00910648,0.09838075,-0.04981325
2015-12,Guangzhou,new,0.00697561,0.04511681,up,0.00910648,0.09838075,-0.04981325
2015-12,Guangzhou,second_hand,0.00995033,0.04511681,up,0.00910648,0.09838075,-0.04981325
2015-12,Shenzhen,new,0.03149867,0.04511681,up,0.00910648,0.09838075,-0.04981325
2015-12,Shenzhen,second_hand,0.03246719,0.04511681,up,0.00910648,0.09838075,-0.04981325
2015-12,Chengdu,new,0.001998,0.04511681,up,0.00910648,0.09838075,-0.04981325
2015-12,Chengdu,second_hand,-0.00300451,0.04511681,up,0.00910648,0.09838075,-0.04981325
2016-01,Beijing,new,0.01093994,-0.23619743,down,0.04511681,0.00910648,0.09838075
2016-01,Beijing,second_hand,0.02273949,-0.23619743,down,0.04511681,0.00910648,0.09838075
2016-01,Shanghai,new,0.02566775,-0.23619743,down,0.04511681,0.00910648,0.09838075
2016-01,Shanghai,second_hand,0.02664193,-0.23619743,down,0.04511681,0.00910648,0.09838075
2016-01,Hangzhou,new,0.00895974,-0.23619743,down,0.04511681,0.00910648,0.09838075
2016-01,Hangzhou,second_hand,0.00498754,-0.23619743,down,0.04511681,0.00910648,0.09838075
2016-01,Guangzhou,new,0.00796817,-0.23619743,down,0.04511681,0.00910648,0.09838075
2016-01,Guangzhou,second_hand,0.01291623,-0.23619743,down,0.04511681,0.00910648,0.09838075
2016-01,Shenzhen,new,0.04018179,-0.23619743,down,0.04511681,0.00910648,0.09838075
2016-01,Shenzhen,second_hand,0.05543471,-0.23619743,down,0.04511681,0.00910648,0.09838075
2016-01,Chengdu,new,0.001998,-0.23619743,down,0.04511681,0.00910648,0.09838075
2016-01,Chengdu,second_hand,0.00598207,-0.23619743,down,0.04511681,0.00910648,0.09838075
2016-02,Beijing,new,0.02273949,-0.02356743,down,-0.23619743,0.04511681,0.00910648
2016-02,Beijing,second_hand,0.03149867,-0.02356743,down,-0.23619743,0.04511681,0.00910648
2016-02,Shanghai,new,0.02858746,-0.02356743,down,-0.23619743,0.04511681,0.00910648
2016-02,Shanghai,second_hand,0.05164323,-0.02356743,down,-0.23619743,0.04511681,0.00910648
2016-02,Hangzhou,new,0.01291623,-0.02356743,down,-0.23619743,0.04511681,0.00910648
2016-02,Hangzhou,second_hand,0.01093994,-0.02356743,down,-0.23619743,0.04511681,0.00910648
2016-02,Guangzhou,new,0.01587335,-0.02356743,down,-0.23619743,0.04511681,0.00910648
2016-02,Guangzhou,second_hand,0.01192857,-0.02356743,down,-0.23619743,0.04511681,0.00910648
2016-02,Shenzhen,new,0.03536714,-0.02356743,down,-0.23619743,0.04511681,0.00910648
2016-02,Shenzhen,second_hand,0.03246719,-0.02356743,down,-0.23619743,0.04511681,0.00910648
2016-02,Chengdu,new,0,-0.02356743,down,-0.23619743,0.04511681,0.00910648
2016-02,Chengdu,second_hand,0.00697561,-0.02356743,down,-0.23619743,0.04511681,0.00910648
2016-03,Beijing,new,0.03246719,0.11187658,up,-0.02356743,-0.23619743,0.04511681
2016-03,Beijing,second_hand,0.0610951,0.11187658,up,-0.02356743,-0.23619743,0.04511681
2016-03,Shanghai,new,0.04210118,0.11187658,up,-0.02356743,-0.23619743,0.04511681
2016-03,Shanghai,second_hand,0.06015392,0.11187658,up,-0.02356743,-0.23619743,0.04511681
2016-03,Hangzhou,new,0.02273949,0.11187658,up,-0.02356743,-0.23619743,0.04511681
2016-03,Hangzhou,second_hand,0.01980263,0.11187658,up,-0.02356743,-0.23619743,0.04511681
2016-03,Guangzhou,new,0.02858746,0.11187658,up,-0.02356743,-0.23619743,0.04511681
2016-03,Guangzhou,second_hand,0.03440143,0.11187658,up,-0.02356743,-0.23619743,0.04511681
2016-03,Shenzhen,new,0.03633193,0.11187658,up,-0.02356743,-0.23619743,0.04511681
2016-03,Shenzhen,second_hand,0.04592893,0.11187658,up,-0.02356743,-0.23619743,0.04511681
2016-03,Chengdu,new,0.001998,0.11187658,up,-0.02356743,-0.23619743,0.04511681
2016-03,Chengdu,second_hand,0.00299551,0.11187658,up,-0.02356743,-0.23619743,0.04511681
2016-04,Beijing,new,0.0295588,-0.019245,down,0.11187658,-0.02356743,-0.23619743
2016-04,Beijing,second_hand,0.0295588,-0.019245,down,0.11187658,-0.02356743,-0.23619743
2016-04,Shanghai,new,0.03536714,-0.019245,down,0.11187658,-0.02356743,-0.23619743
2016-04,Shanghai,second_hand,0.03536714,-0.019245,down,0.11187658,-0.02356743,-0.23619743
2016-04,Hangzhou,new,0.0295588,-0.019245,down,0.11187658,-0.02356743,-0.23619743
2016-04,Hangzhou,second_hand,0.0295588,-0.019245,down,0.11187658,-0.02356743,-0.23619743
2016-04,Guangzhou,new,0.02371653,-0.019245,down,0.11187658,-0.02356743,-0.23619743
2016-04,Guangzhou,second_hand,0.02371653,-0.019245,down,0.11187658,-0.02356743,-0.23619743
2016-04,Shenzhen,new,0.02273949,-0.019245,down,0.11187658,-0.02356743,-0.23619743
2016-04,Shenzhen,second_hand,0.02273949,-0.019245,down,0.11187658,-0.02356743,-0.23619743
2016-04,Chengdu,new,0.00598207,-0.019245,down,0.11187658,-0.02356743,-0.23619743
2016-04,Chengdu,second_hand,0.00598207,-0.019245,down,0.11187658,-0.02356743,-0.23619743
2016-05,Beijing,new,0.02371653,0.00404976,up,-0.019245,0.11187658,-0.02356743
2016-05,Beijing,second_hand,0.02273949,0.00404976,up,-0.019245,0.11187658,-0.02356743
2016-05,Shanghai,new,0.02273949,0.00404976,up,-0.019245,0.11187658,-0.02356743
2016-05,Shanghai,second_hand,0.01390291,0.00404976,up,-0.019245,0.11187658,-0.02356743
2016-05,Hangzhou,new,0.02469261,0.00404976,up,-0.019245,0.11187658,-0.02356743
2016-05,Hangzhou,second_hand,0.01291623,0.00404976,up,-0.019245,0.11187658,-0.02356743
2016-05,Guangzhou,new,0.02664193,0.00404976,up,-0.019245,0.11187658,-0.02356743
2016-05,Guangzhou,second_hand,0.01882175,0.00404976,up,-0.019245,0.11187658,-0.02356743
2016-05,Shenzhen,new,0.00498754,0.00404976,up,-0.019245,0.11187658,-0.02356743
2016-05,Shenzhen,second_hand,0,0.00404976,up,-0.019245,0.11187658,-0.02356743
2016-05,Chengdu,new,0.00299551,0.00404976,up,-0.019245,0.11187658,-0.02356743
2016-05,Chengdu,second_hand,0.00299551,0.00404976,up,-0.019245,0.11187658,-0.02356743
2016-06,Beijing,new,0.02273949,-0.00494665,down,0.00404976,-0.019245,0.11187658
2016-06,Beijing,second_hand,0.01390291,-0.00494665,down,0.00404976,-0.019245,0.11187658
2016-06,Shanghai,new,0.02371653,-0.00494665,down,0.00404976,-0.019245,0.11187658
2016-06,Shanghai,second_hand,0.02176149,-0.00494665,down,0.00404976,-0.019245,0.11187658
2016-06,Hangzhou,new,0.01587335,-0.00494665,down,0.00404976,-0.019245,0.11187658
2016-06,Hangzhou,second_hand,0.01192857,-0.00494665,down,0.00404976,-0.019245,0.11187658
2016-06,Guangzhou,new,0.01783992,-0.00494665,down,0.00404976,-0.019245,0.11187658
2016-06,Guangzhou,second_hand,0.01587335,-0.00494665,down,0.00404976,-0.019245,0.11187658
2016-06,Shenzhen,new,0.02566775,-0.00494665,down,0.00404976,-0.019245,0.11187658
2016-06,Shenzhen,second_hand,0.00796817,-0.00494665,down,0.00404976,-0.019245,0.11187658
2016-06,Chengdu,new,0.00598207,-0.00494665,down,0.00404976,-0.019245,0.11187658
2016-06,Chengdu,second_hand,0.00399202,-0.00494665,down,0.00404976,-0.019245,0.11187658
2016-07,Beijing,new,0.01685712,0.01573206,up,-0.00494665,0.00404976,-0.019245
2016-07,Beijing,second_hand,0.01587335,0.01573206,up,-0.00494665,0.00404976,-0.019245
2016-07,Shanghai,new,0.01390291,0.01573206,up,-0.00494665,0.00404976,-0.019245
2016-07,Shanghai,second_hand,0.01980263,0.01573206,up,-0.00494665,0.00404976,-0.019245
2016-07,Hangzhou,new,0.02371653,0.01573206,up,-0.00494665,0.00404976,-0.019245
2016-07,Hangzhou,second_hand,0.02273949,0.01573206,up,-0.00494665,0.00404976,-0.019245
2016-07,Guangzhou,new,0.01291623,0.01573206,up,-0.00494665,0.00404976,-0.019245
2016-07,Guangzhou,second_hand,0.01390291,0.01573206,up,-0.00494665,0.00404976,-0.019245
2016-07,Shenzhen,new,0.01980263,0.01573206,up,-0.00494665,0.00404976,-0.019245
2016-07,Shenzhen,second_hand,0.01783992,0.01573206,up,-0.00494665,0.00404976,-0.019245
2016-07,Chengdu,new,0.00995033,0.01573206,up,-0.00494665,0.00404976,-0.019245
2016-07,Chengdu,second_hand,0.00299551,0.01573206,up,-0.00494665,0.00404976,-0.019245
2016-08,Beijing,new,0.03729578,0.03793024,up,0.01573206,-0.00494665,0.00404976
2016-08,Beijing,second_hand,0.03825871,0.03793024,up,0.01573206,-0.00494665,0.00404976
2016-08,Shanghai,new,0.05069311,0.03793024,up,0.01573206,-0.00494665,0.00404976
2016-08,Shanghai,second_hand,0.03633193,0.03793024,up,0.01573206,-0.00494665,0.00404976
2016-08,Hangzhou,new,0.03246719,0.03793024,up,0.01573206,-0.00494665,0.00404976
2016-08,Hangzhou,second_hand,0.02761517,0.03793024,up,0.01573206,-0.00494665,0.00404976
2016-08,Guangzhou,new,0.02371653,0.03793024,up,0.01573206,-0.00494665,0.00404976
2016-08,Guangzhou,second_hand,0.02761517,0.03793024,up,0.01573206,-0.00494665,0.00404976
2016-08,Shenzhen,new,0.02078254,0.03793024,up,0.01573206,-0.00494665,0.00404976
2016-08,Shenzhen,second_hand,0.01980263,0.03793024,up,0.01573206,-0.00494665,0.00404976
2016-08,Chengdu,new,0.00895974,0.03793024,up,0.01573206,-0.00494665,0.00404976
2016-08,Chengdu,second_hand,0.00299551,0.03793024,up,0.01573206,-0.00494665,0.00404976
2016-09,Beijing,new,0.04783733,-0.0226447,down,0.03793024,0.01573206,-0.00494665
2016-09,Beijing,second_hand,0.05543471,-0.0226447,down,0.03793024,0.01573206,-0.00494665
2016-09,Shanghai,new,0.03149867,-0.0226447,down,0.03793024,0.01573206,-0.00494665
2016-09,Shanghai,second_hand,0.03343478,-0.0226447,down,0.03793024,0.01573206,-0.00494665
2016-09,Hangzhou,new,0.05354077,-0.0226447,down,0.03793024,0.01573206,-0.00494665
2016-09,Hangzhou,second_hand,0.04401689,-0.0226447,down,0.03793024,0.01573206,-0.00494665
2016-09,Guangzhou,new,0.03052921,-0.0226447,down,0.03793024,0.01573206,-0.00494665
2016-09,Guangzhou,second_hand,0.03246719,-0.0226447,down,0.03793024,0.01573206,-0.00494665
2016-09,Shenzhen,new,0.01882175,-0.0226447,down,0.03793024,0.01573206,-0.00494665
2016-09,Shenzhen,second_hand,0.01783992,-0.0226447,down,0.03793024,0.01573206,-0.00494665
2016-09,Chengdu,new,0.02469261,-0.0226447,down,0.03793024,0.01573206,-0.00494665
2016-09,Chengdu,second_hand,0.01685712,-0.0226447,down,0.03793024,0.01573206,-0.00494665
2016-10,Beijing,new,0.00598207,0.0251927,up,-0.0226447,0.03793024,0.01573206
2016-10,Beijing,second_hand,0.01093994,0.0251927,up,-0.0226447,0.03793024,0.01573206
2016-10,Shanghai,new,0.00498754,0.0251927,up,-0.0226447,0.03793024,0.01573206
2016-10,Shanghai,second_hand,0.00299551,0.0251927,up,-0.0226447,0.03793024,0.01573206
2016-10,Hangzhou,new,0.03149867,0.0251927,up,-0.0226447,0.03793024,0.01573206
2016-10,Hangzhou,second_hand,0.02469261,0.0251927,up,-0.0226447,0.03793024,0.01573206
2016-10,Guangzhou,new,0.01291623,0.0251927,up,-0.0226447,0.03793024,0.01573206
2016-10,Guangzhou,second_hand,0.01587335,0.0251927,up,-0.0226447,0.03793024,0.01573206
2016-10,Shenzhen,new,-0.00501254,0.0251927,up,-0.0226447,0.03793024,0.01573206
2016-10,Shenzhen,second_hand,-0.00601807,0.0251927,up,-0.0226447,0.03793024,0.01573206
2016-10,Chengdu,new,-0.00803217,0.0251927,up,-0.0226447,0.03793024,0.01573206
2016-10,Chengdu,second_hand,0.00498754,0.0251927,up,-0.0226447,0.03793024,0.01573206
2016-11,Beijing,new,0,0.05870518,up,0.0251927,-0.0226447,0.03793024
2016-11,Beijing,second_hand,0.001998,0.05870518,up,0.0251927,-0.0226447,0.03793024
2016-11,Shanghai,new,-0.0010005,0.05870518,up,0.0251927,-0.0226447,0.03793024
2016-11,Shanghai,second_hand,-0.002002,0.05870518,up,0.0251927,-0.0226447,0.03793024
2016-11,Hangzhou,new,-0.00400802,0.05870518,up,0.0251927,-0.0226447,0.03793024
2016-11,Hangzhou,second_hand,0,0.05870518,up,0.0251927,-0.0226447,0.03793024
2016-11,Guangzhou,new,0.00895974,0.05870518,up,0.0251927,-0.0226447,0.03793024
2016-11,Guangzhou,second_hand,0.00796817,0.05870518,up,0.0251927,-0.0226447,0.03793024
2016-11,Shenzhen,new,-0.00300451,0.05870518,up,0.0251927,-0.0226447,0.03793024
2016-11,Shenzhen,second_hand,-0.00702461,0.05870518,up,0.0251927,-0.0226447,0.03793024
2016-11,Chengdu,new,0,0.05870518,up,0.0251927,-0.0226447,0.03793024
2016-11,Chengdu,second_hand,0,0.05870518,up,0.0251927,-0.0226447,0.03793024
2016-12,Beijing,new,-0.0010005,-0.06658924,down,0.05870518,0.0251927,-0.0226447
2016-12,Beijing,second_hand,0.001998,-0.06658924,down,0.05870518,0.0251927,-0.0226447
2016-12,Shanghai,new,-0.002002,-0.06658924,down,0.05870518,0.0251927,-0.0226447
2016-12,Shanghai,second_hand,-0.00501254,-0.06658924,down,0.05870518,0.0251927,-0.0226447
2016-12,Hangzhou,new,0,-0.06658924,down,0.05870518,0.0251927,-0.0226447
2016-12,Hangzhou,second_hand,-0.0010005,-0.06658924,down,0.05870518,0.0251927,-0.0226447
2016-12,Guangzhou,new,0.00697561,-0.06658924,down,0.05870518,0.0251927,-0.0226447
2016-12,Guangzhou,second_hand,0.01291623,-0.06658924,down,0.05870518,0.0251927,-0.0226447
2016-12,Shenzhen,new,-0.00400802,-0.06658924,down,0.05870518,0.0251927,-0.0226447
2016-12,Shenzhen,second_hand,-0.002002,-0.06658924,down,0.05870518,0.0251927,-0.0226447
2016-12,Chengdu,new,-0.002002,-0.06658924,down,0.05870518,0.0251927,-0.0226447
2016-12,Chengdu,second_hand,0.001998,-0.06658924,down,0.05870518,0.0251927,-0.0226447
2017-01,Beijing,new,0,0.02325561,up,-0.06658924,0.05870518,0.0251927
2017-01,Beijing,second_hand,0.00796817,0.02325561,up,-0.06658924,0.05870518,0.0251927
2017-01,Shanghai,new,-0.0010005,0.02325561,up,-0.06658924,0.05870518,0.0251927
2017-01,Shanghai,second_hand,-0.00400802,0.02325561,up,-0.06658924,0.05870518,0.0251927
2017-01,Hangzhou,new,0,0.02325561,up,-0.06658924,0.05870518,0.0251927
2017-01,Hangzhou,second_hand,0.00498754,0.02325561,up,-0.06658924,0.05870518,0.0251927
2017-01,Guangzhou,new,0.00598207,0.02325561,up,-0.06658924,0.05870518,0.0251927
2017-01,Guangzhou,second_hand,0.01587335,0.02325561,up,-0.06658924,0.05870518,0.0251927
2017-01,Shenzhen,new,-0.00501254,0.02325561,up,-0.06658924,0.05870518,0.0251927
2017-01,Shenzhen,second_hand,-0.0010005,0.02325561,up,-0.06658924,0.05870518,0.0251927
2017-01,Chengdu,new,0,0.02325561,up,-0.06658924,0.05870518,0.0251927
2017-01,Chengdu,second_hand,0.00598207,0.02325561,up,-0.06658924,0.05870518,0.0251927
2017-02,Beijing,new,-0.0010005,0.01896042,up,0.02325561,-0.06658924,0.05870518
2017-02,Beijing,second_hand,0.01291623,0.01896042,up,0.02325561,-0.06658924,0.05870518
2017-02,Shanghai,new,0.001998,0.01896042,up,0.02325561,-0.06658924,0.05870518
2017-02,Shanghai,second_hand,0.001998,0.01896042,up,0.02325561,-0.06658924,0.05870518
2017-02,Hangzhou,new,-0.002002,0.01896042,up,0.02325561,-0.06658924,0.05870518
2017-02,Hangzhou,second_hand,0.00598207,0.01896042,up,0.02325561,-0.06658924,0.05870518
2017-02,Guangzhou,new,0.00895974,0.01896042,up,0.02325561,-0.06658924,0.05870518
2017-02,Guangzhou,second_hand,0.02664193,0.01896042,up,0.02325561,-0.06658924,0.05870518
2017-02,Shenzhen,new,-0.00601807,0.01896042,up,0.02325561,-0.06658924,0.05870518
2017-02,Shenzhen,second_hand,-0.00702461,0.01896042,up,0.02325561,-0.06658924,0.05870518
2017-02,Chengdu,new,-0.00400802,0.01896042,up,0.02325561,-0.06658924,0.05870518
2017-02,Chengdu,second_hand,0.00697561,0.01896042,up,0.02325561,-0.06658924,0.05870518
2017-03,Beijing,new,0.00399202,0.00093793,up,0.01896042,0.02325561,-0.06658924
2017-03,Beijing,second_hand,0.02176149,0.00093793,up,0.01896042,0.02325561,-0.06658924
2017-03,Shanghai,new,-0.0010005,0.00093793,up,0.01896042,0.02325561,-0.06658924
2017-03,Shanghai,second_hand,0.00697561,0.00093793,up,0.01896042,0.02325561,-0.06658924
2017-03,Hangzhou,new,0.001998,0.00093793,up,0.01896042,0.02325561,-0.06658924
2017-03,Hangzhou,second_hand,0.00895974,0.00093793,up,0.01896042,0.02325561,-0.06658924
2017-03,Guangzhou,new,0.02469261,0.00093793,up,0.01896042,0.02325561,-0.06658924
2017-03,Guangzhou,second_hand,0.03246719,0.00093793,up,0.01896042,0.02325561,-0.06658924
2017-03,Shenzhen,new,-0.00300451,0.00093793,up,0.01896042,0.02325561,-0.06658924
2017-03,Shenzhen,second_hand,0.00299551,0.00093793,up,0.01896042,0.02325561,-0.06658924
2017-03,Chengdu,new,-0.00702461,0.00093793,up,0.01896042,0.02325561,-0.06658924
2017-03,Chengdu,second_hand,0.00895974,0.00093793,up,0.01896042,0.02325561,-0.06658924
2017-04,Beijing,new,0.001998,-0.00472752,down,0.00093793,0.01896042,0.02325561
2017-04,Beijing,second_hand,0,-0.00472752,down,0.00093793,0.01896042,0.02325561
2017-04,Shanghai,new,-0.002002,-0.00472752,down,0.00093793,0.01896042,0.02325561
2017-04,Shanghai,second_hand,0.00796817,-0.00472752,down,0.00093793,0.01896042,0.02325561
2017-04,Hangzhou,new,0,-0.00472752,down,0.00093793,0.01896042,0.02325561
2017-04,Hangzhou,second_hand,0.00697561,-0.00472752,down,0.00093793,0.01896042,0.02325561
2017-04,Guangzhou,new,0.01390291,-0.00472752,down,0.00093793,0.01896042,0.02325561
2017-04,Guangzhou,second_hand,0.00995033,-0.00472752,down,0.00093793,0.01896042,0.02325561
2017-04,Shenzhen,new,0,-0.00472752,down,0.00093793,0.01896042,0.02325561
2017-04,Shenzhen,second_hand,0.00796817,-0.00472752,down,0.00093793,0.01896042,0.02325561
2017-04,Chengdu,new,0,-0.00472752,down,0.00093793,0.01896042,0.02325561
2017-04,Chengdu,second_hand,0.00498754,-0.00472752,down,0.00093793,0.01896042,0.02325561
2017-05,Beijing,new,0,0.01532782,up,-0.00472752,0.00093793,0.01896042
2017-05,Beijing,second_hand,-0.00904074,0.01532782,up,-0.00472752,0.00093793,0.01896042
2017-05,Shanghai,new,0,0.01532782,up,-0.00472752,0.00093793,0.01896042
2017-05,Shanghai,second_hand,0,0.01532782,up,-0.00472752,0.00093793,0.01896042
2017-05,Hangzhou,new,-0.00300451,0.01532782,up,-0.00472752,0.00093793,0.01896042
2017-05,Hangzhou,second_hand,0.00796817,0.01532782,up,-0.00472752,0.00093793,0.01896042
2017-05,Guangzhou,new,0.00895974,0.01532782,up,-0.00472752,0.00093793,0.01896042
2017-05,Guangzhou,second_hand,0.00498754,0.01532782,up,-0.00472752,0.00093793,0.01896042
2017-05,Shenzhen,new,-0.00601807,0.01532782,up,-0.00472752,0.00093793,0.01896042
2017-05,Shenzhen,second_hand,0.00299551,0.01532782,up,-0.00472752,0.00093793,0.01896042
2017-05,Chengdu,new,-0.0010005,0.01532782,up,-0.00472752,0.00093793,0.01896042
2017-05,Chengdu,second_hand,0.0009995,0.01532782,up,-0.00472752,0.00093793,0.01896042
2017-06,Beijing,new,-0.00400802,0.04859274,up,0.01532782,-0.00472752,0.00093793
2017-06,Beijing,second_hand,-0.01106095,0.04859274,up,0.01532782,-0.00472752,0.00093793
2017-06,Shanghai,new,-0.002002,0.04859274,up,0.01532782,-0.00472752,0.00093793
2017-06,Shanghai,second_hand,-0.0010005,0.04859274,up,0.01532782,-0.00472752,0.00093793
2017-06,Hangzhou,new,0.001998,0.04859274,up,0.01532782,-0.00472752,0.00093793
2017-06,Hangzhou,second_hand,0.00697561,0.04859274,up,0.01532782,-0.00472752,0.00093793
2017-06,Guangzhou,new,0.00498754,0.04859274,up,0.01532782,-0.00472752,0.00093793
2017-06,Guangzhou,second_hand,0.00796817,0.04859274,up,0.01532782,-0.00472752,0.00093793
2017-06,Shenzhen,new,0,0.04859274,up,0.01532782,-0.00472752,0.00093793
2017-06,Shenzhen,second_hand,-0.00300451,0.04859274,up,0.01532782,-0.00472752,0.00093793
2017-06,Chengdu,new,-0.002002,0.04859274,up,0.01532782,-0.00472752,0.00093793
2017-06,Chengdu,second_hand,0,0.04859274,up,0.01532782,-0.00472752,0.00093793
2017-07,Beijing,new,-0.0010005,0.01919658,up,0.04859274,0.01532782,-0.00472752
2017-07,Beijing,second_hand,-0.00803217,0.01919658,up,0.04859274,0.01532782,-0.00472752
2017-07,Shanghai,new,0,0.01919658,up,0.04859274,0.01532782,-0.00472752
2017-07,Shanghai,second_hand,-0.00400802,0.01919658,up,0.04859274,0.01532782,-0.00472752
2017-07,Hangzhou,new,0,0.01919658,up,0.04859274,0.01532782,-0.00472752
2017-07,Hangzhou,second_hand,0.00796817,0.01919658,up,0.04859274,0.01532782,-0.00472752
2017-07,Guangzhou,new,0.00399202,0.01919658,up,0.04859274,0.01532782,-0.00472752
2017-07,Guangzhou,second_hand,0.0009995,0.01919658,up,0.04859274,0.01532782,-0.00472752
2017-07,Shenzhen,new,-0.002002,0.01919658,up,0.04859274,0.01532782,-0.00472752
2017-07,Shenzhen,second_hand,0.00598207,0.01919658,up,0.04859274,0.01532782,-0.00472752
2017-07,Chengdu,new,-0.0010005,0.01919658,up,0.04859274,0.01532782,-0.00472752
2017-07,Chengdu,second_hand,0.00399202,0.01919658,up,0.04859274,0.01532782,-0.00472752
2017-08,Beijing,new,0,0.02228146,up,0.01919658,0.04859274,0.01532782
2017-08,Beijing,second_hand,-0.00904074,0.02228146,up,0.01919658,0.04859274,0.01532782
2017-08,Shanghai,new,0,0.02228146,up,0.01919658,0.04859274,0.01532782
2017-08,Shanghai,second_hand,-0.002002,0.02228146,up,0.01919658,0.04859274,0.01532782
2017-08,Hangzhou,new,-0.002002,0.02228146,up,0.01919658,0.04859274,0.01532782
2017-08,Hangzhou,second_hand,0.00697561,0.02228146,up,0.01919658,0.04859274,0.01532782
2017-08,Guangzhou,new,-0.00702461,0.02228146,up,0.01919658,0.04859274,0.01532782
2017-08,Guangzhou,second_hand,0,0.02228146,up,0.01919658,0.04859274,0.01532782
2017-08,Shenzhen,new,-0.00400802,0.02228146,up,0.01919658,0.04859274,0.01532782
2017-08,Shenzhen,second_hand,-0.002002,0.02228146,up,0.01919658,0.04859274,0.01532782
2017-08,Chengdu,new,-0.00400802,0.02228146,up,0.01919658,0.04859274,0.01532782
2017-08,Chengdu,second_hand,0.001998,0.02228146,up,0.01919658,0.04859274,0.01532782
2017-09,Beijing,new,-0.002002,0.0037631,up,0.02228146,0.01919658,0.04859274
2017-09,Beijing,second_hand,-0.00601807,0.0037631,up,0.02228146,0.01919658,0.04859274
2017-09,Shanghai,new,-0.0010005,0.0037631,up,0.02228146,0.01919658,0.04859274
2017-09,Shanghai,second_hand,-0.0010005,0.0037631,up,0.02228146,0.01919658,0.04859274
2017-09,Hangzhou,new,-0.00300451,0.0037631,up,0.02228146,0.01919658,0.04859274
2017-09,Hangzhou,second_hand,0.00598207,0.0037631,up,0.02228146,0.01919658,0.04859274
2017-09,Guangzhou,new,-0.00501254,0.0037631,up,0.02228146,0.01919658,0.04859274
2017-09,Guangzhou,second_hand,0.001998,0.0037631,up,0.02228146,0.01919658,0.04859274
2017-09,Shenzhen,new,0,0.0037631,up,0.02228146,0.01919658,0.04859274
2017-09,Shenzhen,second_hand,-0.0010005,0.0037631,up,0.02228146,0.01919658,0.04859274
2017-09,Chengdu,new,0,0.0037631,up,0.02228146,0.01919658,0.04859274
2017-09,Chengdu,second_hand,0.00399202,0.0037631,up,0.02228146,0.01919658,0.04859274
2017-10,Beijing,new,-0.002002,0.04341246,up,0.0037631,0.02228146,0.01919658
2017-10,Beijing,second_hand,-0.00501254,0.04341246,up,0.0037631,0.02228146,0.01919658
2017-10,Shanghai,new,0.00299551,0.04341246,up,0.0037631,0.02228146,0.01919658
2017-10,Shanghai,second_hand,0.00299551,0.04341246,up,0.0037631,0.02228146,0.01919658
2017-10,Hangzhou,new,0,0.04341246,up,0.0037631,0.02228146,0.01919658
2017-10,Hangzhou,second_hand,0.00399202,0.04341246,up,0.0037631,0.02228146,0.01919658
2017-10,Guangzhou,new,-0.002002,0.04341246,up,0.0037631,0.02228146,0.01919658
2017-10,Guangzhou,second_hand,-0.00300451,0.04341246,up,0.0037631,0.02228146,0.01919658
2017-10,Shenzhen,new,-0.0010005,0.04341246,up,0.0037631,0.02228146,0.01919658
2017-10,Shenzhen,second_hand,0.00399202,0.04341246,up,0.0037631,0.02228146,0.01919658
2017-10,Chengdu,new,0.00697561,0.04341246,up,0.0037631,0.02228146,0.01919658
2017-10,Chengdu,second_hand,0.00598207,0.04341246,up,0.0037631,0.02228146,0.01919658
2017-11,Beijing,new,0,-0.00015475,down,0.04341246,0.0037631,0.02228146
2017-11,Beijing,second_hand,-0.00501254,-0.00015475,down,0.04341246,0.0037631,0.02228146
2017-11,Shanghai,new,0,-0.00015475,down,0.04341246,0.0037631,0.02228146
2017-11,Shanghai,second_hand,-0.00300451,-0.00015475,down,0.04341246,0.0037631,0.02228146
2017-11,Hangzhou,new,-0.0010005,-0.00015475,down,0.04341246,0.0037631,0.02228146
2017-11,Hangzhou,second_hand,0.001998,-0.00015475,down,0.04341246,0.0037631,0.02228146
2017-11,Guangzhou,new,-0.0010005,-0.00015475,down,0.04341246,0.0037631,0.02228146
2017-11,Guangzhou,second_hand,0.0009995,-0.00015475,down,0.04341246,0.0037631,0.02228146
2017-11,Shenzhen,new,-0.002002,-0.00015475,down,0.04341246,0.0037631,0.02228146
2017-11,Shenzhen,second_hand,0.0009995,-0.00015475,down,0.04341246,0.0037631,0.02228146
2017-11,Chengdu,new,0.0009995,-0.00015475,down,0.04341246,0.0037631,0.02228146
2017-11,Chengdu,second_hand,0,-0.00015475,down,0.04341246,0.0037631,0.02228146
2017-12,Beijing,new,0,0.00615907,up,-0.00015475,0.04341246,0.0037631
2017-12,Beijing,second_hand,-0.00400802,0.00615907,up,-0.00015475,0.04341246,0.0037631
2017-12,Shanghai,new,0.00299551,0.00615907,up,-0.00015475,0.04341246,0.0037631
2017-12,Shanghai,second_hand,-0.0010005,0.00615907,up,-0.00015475,0.04341246,0.0037631
2017-12,Hangzhou,new,0,0.00615907,up,-0.00015475,0.04341246,0.0037631
2017-12,Hangzhou,second_hand,0,0.00615907,up,-0.00015475,0.04341246,0.0037631
2017-12,Guangzhou,new,-0.00300451,0.00615907,up,-0.00015475,0.04341246,0.0037631
2017-12,Guangzhou,second_hand,-0.00400802,0.00615907,up,-0.00015475,0.04341246,0.0037631
2017-12,Shenzhen,new,-0.002002,0.00615907,up,-0.00015475,0.04341246,0.0037631
2017-12,Shenzhen,second_hand,0.00399202,0.00615907,up,-0.00015475,0.04341246,0.0037631
2017-12,Chengdu,new,0.00498754,0.00615907,up,-0.00015475,0.04341246,0.0037631
2017-12,Chengdu,second_hand,0.001998,0.00615907,up,-0.00015475,0.04341246,0.0037631
2018-01,Beijing,new,0.001998,0.05901733,up,0.00615907,-0.00015475,0.04341246
2018-01,Beijing,second_hand,-0.00601807,0.05901733,up,0.00615907,-0.00015475,0.04341246
2018-01,Shanghai,new,-0.00400802,0.05901733,up,0.00615907,-0.00015475,0.04341246
2018-01,Shanghai,second_hand,0.0009995,0.05901733,up,0.00615907,-0.00015475,0.04341246
2018-01,Hangzhou,new,0,0.05901733,up,0.00615907,-0.00015475,0.04341246
2018-01,Hangzhou,second_hand,0.001998,0.05901733,up,0.00615907,-0.00015475,0.04341246
2018-01,Guangzhou,new,-0.00400802,0.05901733,up,0.00615907,-0.00015475,0.04341246
2018-01,Guangzhou,second_hand,-0.0010005,0.05901733,up,0.00615907,-0.00015475,0.04341246
2018-01,Shenzhen,new,0,0.05901733,up,0.00615907,-0.00015475,0.04341246
2018-01,Shenzhen,second_hand,0.00895974,0.05901733,up,0.00615907,-0.00015475,0.04341246
2018-01,Chengdu,new,0.001998,0.05901733,up,0.00615907,-0.00015475,0.04341246
2018-01,Chengdu,second_hand,-0.00300451,0.05901733,up,0.00615907,-0.00015475,0.04341246
2018-02,Beijing,new,-0.00300451,-0.06080764,down,0.05901733,0.00615907,-0.00015475
2018-02,Beijing,second_hand,-0.00501254,-0.06080764,down,0.05901733,0.00615907,-0.00015475
2018-02,Shanghai,new,-0.002002,-0.06080764,down,0.05901733,0.00615907,-0.00015475
2018-02,Shanghai,second_hand,-0.00400802,-0.06080764,down,0.05901733,0.00615907,-0.00015475
2018-02,Hangzhou,new,-0.0010005,-0.06080764,down,0.05901733,0.00615907,-0.00015475
2018-02,Hangzhou,second_hand,0.00399202,-0.06080764,down,0.05901733,0.00615907,-0.00015475
2018-02,Guangzhou,new,-0.00400802,-0.06080764,down,0.05901733,0.00615907,-0.00015475
2018-02,Guangzhou,second_hand,0.001998,-0.06080764,down,0.05901733,0.00615907,-0.00015475
2018-02,Shenzhen,new,-0.00601807,-0.06080764,down,0.05901733,0.00615907,-0.00015475
2018-02,Shenzhen,second_hand,0.01291623,-0.06080764,down,0.05901733,0.00615907,-0.00015475
2018-02,Chengdu,new,0,-0.06080764,down,0.05901733,0.00615907,-0.00015475
2018-02,Chengdu,second_hand,0.001998,-0.06080764,down,0.05901733,0.00615907,-0.00015475
2018-03,Beijing,new,0.0009995,-0.0315951,down,-0.06080764,0.05901733,0.00615907
2018-03,Beijing,second_hand,-0.002002,-0.0315951,down,-0.06080764,0.05901733,0.00615907
2018-03,Shanghai,new,0.001998,-0.0315951,down,-0.06080764,0.05901733,0.00615907
2018-03,Shanghai,second_hand,-0.00601807,-0.0315951,down,-0.06080764,0.05901733,0.00615907
2018-03,Hangzhou,new,0.00299551,-0.0315951,down,-0.06080764,0.05901733,0.00615907
2018-03,Hangzhou,second_hand,0.00697561,-0.0315951,down,-0.06080764,0.05901733,0.00615907
2018-03,Guangzhou,new,0.001998,-0.0315951,down,-0.06080764,0.05901733,0.00615907
2018-03,Guangzhou,second_hand,0.001998,-0.0315951,down,-0.06080764,0.05901733,0.00615907
2018-03,Shenzhen,new,-0.0010005,-0.0315951,down,-0.06080764,0.05901733,0.00615907
2018-03,Shenzhen,second_hand,0.00697561,-0.0315951,down,-0.06080764,0.05901733,0.00615907
2018-03,Chengdu,new,0.001998,-0.0315951,down,-0.06080764,0.05901733,0.00615907
2018-03,Chengdu,second_hand,-0.00400802,-0.0315951,down,-0.06080764,0.05901733,0.00615907
2018-04,Beijing,new,0.001998,-0.03700304,down,-0.0315951,-0.06080764,0.05901733
2018-04,Beijing,second_hand,-0.0010005,-0.03700304,down,-0.0315951,-0.06080764,0.05901733
2018-04,Shanghai,new,-0.0010005,-0.03700304,down,-0.0315951,-0.06080764,0.05901733
2018-04,Shanghai,second_hand,-0.002002,-0.03700304,down,-0.0315951,-0.06080764,0.05901733
2018-04,Hangzhou,new,0.0009995,-0.03700304,down,-0.0315951,-0.06080764,0.05901733
2018-04,Hangzhou,second_hand,0.00796817,-0.03700304,down,-0.0315951,-0.06080764,0.05901733
2018-04,Guangzhou,new,-0.0010005,-0.03700304,down,-0.0315951,-0.06080764,0.05901733
2018-04,Guangzhou,second_hand,0.00498754,-0.03700304,down,-0.0315951,-0.06080764,0.05901733
2018-04,Shenzhen,new,0.0009995,-0.03700304,down,-0.0315951,-0.06080764,0.05901733
2018-04,Shenzhen,second_hand,0.001998,-0.03700304,down,-0.0315951,-0.06080764,0.05901733
2018-04,Chengdu,new,0.00299551,-0.03700304,down,-0.0315951,-0.06080764,0.05901733
2018-04,Chengdu,second_hand,-0.00300451,-0.03700304,down,-0.0315951,-0.06080764,0.05901733
2018-05,Beijing,new,0.001998,0.01203836,up,-0.03700304,-0.0315951,-0.06080764
2018-05,Beijing,second_hand,0.00299551,0.01203836,up,-0.03700304,-0.0315951,-0.06080764
2018-05,Shanghai,new,-0.002002,0.01203836,up,-0.03700304,-0.0315951,-0.06080764
2018-05,Shanghai,second_hand,-0.00300451,0.01203836,up,-0.03700304,-0.0315951,-0.06080764
2018-05,Hangzhou,new,0,0.01203836,up,-0.03700304,-0.0315951,-0.06080764
2018-05,Hangzhou,second_hand,0.00895974,0.01203836,up,-0.03700304,-0.0315951,-0.06080764
2018-05,Guangzhou,new,0.01783992,0.01203836,up,-0.03700304,-0.0315951,-0.06080764
2018-05,Guangzhou,second_hand,0.00995033,0.01203836,up,-0.03700304,-0.0315951,-0.06080764
2018-05,Shenzhen,new,-0.0010005,0.01203836,up,-0.03700304,-0.0315951,-0.06080764
2018-05,Shenzhen,second_hand,0.00796817,0.01203836,up,-0.03700304,-0.0315951,-0.06080764
2018-05,Chengdu,new,0.02078254,0.01203836,up,-0.03700304,-0.0315951,-0.06080764
2018-05,Chengdu,second_hand,0.00598207,0.01203836,up,-0.03700304,-0.0315951,-0.06080764
2018-06,Beijing,new,0,-0.07973199,down,0.01203836,-0.03700304,-0.0315951
2018-06,Beijing,second_hand,0.0009995,-0.07973199,down,0.01203836,-0.03700304,-0.0315951
2018-06,Shanghai,new,0,-0.07973199,down,0.01203836,-0.03700304,-0.0315951
2018-06,Shanghai,second_hand,-0.00300451,-0.07973199,down,0.01203836,-0.03700304,-0.0315951
2018-06,Hangzhou,new,0.00598207,-0.07973199,down,0.01203836,-0.03700304,-0.0315951
2018-06,Hangzhou,second_hand,0.00796817,-0.07973199,down,0.01203836,-0.03700304,-0.0315951
2018-06,Guangzhou,new,0.01882175,-0.07973199,down,0.01203836,-0.03700304,-0.0315951
2018-06,Guangzhou,second_hand,0.00299551,-0.07973199,down,0.01203836,-0.03700304,-0.0315951
2018-06,Shenzhen,new,0.00299551,-0.07973199,down,0.01203836,-0.03700304,-0.0315951
2018-06,Shenzhen,second_hand,0.00299551,-0.07973199,down,0.01203836,-0.03700304,-0.0315951
2018-06,Chengdu,new,0.01587335,-0.07973199,down,0.01203836,-0.03700304,-0.0315951
2018-06,Chengdu,second_hand,0.00399202,-0.07973199,down,0.01203836,-0.03700304,-0.0315951
2018-07,Beijing,new,0.001998,0.0019008,up,-0.07973199,0.01203836,-0.03700304
2018-07,Beijing,second_hand,0.00399202,0.0019008,up,-0.07973199,0.01203836,-0.03700304
2018-07,Shanghai,new,-0.0010005,0.0019008,up,-0.07973199,0.01203836,-0.03700304
2018-07,Shanghai,second_hand,-0.0010005,0.0019008,up,-0.07973199,0.01203836,-0.03700304
2018-07,Hangzhou,new,0.00796817,0.0019008,up,-0.07973199,0.01203836,-0.03700304
2018-07,Hangzhou,second_hand,0.00895974,0.0019008,up,-0.07973199,0.01203836,-0.03700304
2018-07,Guangzhou,new,0.00598207,0.0019008,up,-0.07973199,0.01203836,-0.03700304
2018-07,Guangzhou,second_hand,0.00299551,0.0019008,up,-0.07973199,0.01203836,-0.03700304
2018-07,Shenzhen,new,0.00498754,0.0019008,up,-0.07973199,0.01203836,-0.03700304
2018-07,Shenzhen,second_hand,0.00598207,0.0019008,up,-0.07973199,0.01203836,-0.03700304
2018-07,Chengdu,new,0.00995033,0.0019008,up,-0.07973199,0.01203836,-0.03700304
2018-07,Chengdu,second_hand,0.01587335,0.0019008,up,-0.07973199,0.01203836,-0.03700304
2018-08,Beijing,new,0,-0.05347325,down,0.0019008,-0.07973199,0.01203836
2018-08,Beijing,second_hand,0,-0.05347325,down,0.0019008,-0.07973199,0.01203836
2018-08,Shanghai,new,0.0009995,-0.05347325,down,0.0019008,-0.07973199,0.01203836
2018-08,Shanghai,second_hand,-0.0010005,-0.05347325,down,0.0019008,-0.07973199,0.01203836
2018-08,Hangzhou,new,0.00598207,-0.05347325,down,0.0019008,-0.07973199,0.01203836
2018-08,Hangzhou,second_hand,0.00697561,-0.05347325,down,0.0019008,-0.07973199,0.01203836
2018-08,Guangzhou,new,0.00895974,-0.05347325,down,0.0019008,-0.07973199,0.01203836
2018-08,Guangzhou,second_hand,0.00598207,-0.05347325,down,0.0019008,-0.07973199,0.01203836
2018-08,Shenzhen,new,0.00498754,-0.05347325,down,0.0019008,-0.07973199,0.01203836
2018-08,Shenzhen,second_hand,0.01093994,-0.05347325,down,0.0019008,-0.07973199,0.01203836
2018-08,Chengdu,new,0.01093994,-0.05347325,down,0.0019008,-0.07973199,0.01203836
2018-08,Chengdu,second_hand,0.01390291,-0.05347325,down,0.0019008,-0.07973199,0.01203836
2018-09,Beijing,new,0,0.03081728,up,-0.05347325,0.0019008,-0.07973199
2018-09,Beijing,second_hand,-0.002002,0.03081728,up,-0.05347325,0.0019008,-0.07973199
2018-09,Shanghai,new,-0.0010005,0.03081728,up,-0.05347325,0.0019008,-0.07973199
2018-09,Shanghai,second_hand,-0.002002,0.03081728,up,-0.05347325,0.0019008,-0.07973199
2018-09,Hangzhou,new,0.001998,0.03081728,up,-0.05347325,0.0019008,-0.07973199
2018-09,Hangzhou,second_hand,0,0.03081728,up,-0.05347325,0.0019008,-0.07973199
2018-09,Guangzhou,new,0.00399202,0.03081728,up,-0.05347325,0.0019008,-0.07973199
2018-09,Guangzhou,second_hand,0.001998,0.03081728,up,-0.05347325,0.0019008,-0.07973199
2018-09,Shenzhen,new,-0.002002,0.03081728,up,-0.05347325,0.0019008,-0.07973199
2018-09,Shenzhen,second_hand,0,0.03081728,up,-0.05347325,0.0019008,-0.07973199
2018-09,Chengdu,new,0.00697561,0.03081728,up,-0.05347325,0.0019008,-0.07973199
2018-09,Chengdu,second_hand,0.00598207,0.03081728,up,-0.05347325,0.0019008,-0.07973199
2018-10,Beijing,new,0.001998,-0.0865256,down,0.03081728,-0.05347325,0.0019008
2018-10,Beijing,second_hand,-0.002002,-0.0865256,down,0.03081728,-0.05347325,0.0019008
2018-10,Shanghai,new,0.0009995,-0.0865256,down,0.03081728,-0.05347325,0.0019008
2018-10,Shanghai,second_hand,-0.002002,-0.0865256,down,0.03081728,-0.05347325,0.0019008
2018-10,Hangzhou,new,0.01192857,-0.0865256,down,0.03081728,-0.05347325,0.0019008
2018-10,Hangzhou,second_hand,-0.00400802,-0.0865256,down,0.03081728,-0.05347325,0.0019008
2018-10,Guangzhou,new,0.001998,-0.0865256,down,0.03081728,-0.05347325,0.0019008
2018-10,Guangzhou,second_hand,-0.002002,-0.0865256,down,0.03081728,-0.05347325,0.0019008
2018-10,Shenzhen,new,-0.00501254,-0.0865256,down,0.03081728,-0.05347325,0.0019008
2018-10,Shenzhen,second_hand,-0.00601807,-0.0865256,down,0.03081728,-0.05347325,0.0019008
2018-10,Chengdu,new,0.01685712,-0.0865256,down,0.03081728,-0.05347325,0.0019008
2018-10,Chengdu,second_hand,0.00498754,-0.0865256,down,0.03081728,-0.05347325,0.0019008
2018-11,Beijing,new,0.00598207,0.00596539,up,-0.0865256,0.03081728,-0.05347325
2018-11,Beijing,second_hand,-0.00601807,0.00596539,up,-0.0865256,0.03081728,-0.05347325
2018-11,Shanghai,new,0.00498754,0.00596539,up,-0.0865256,0.03081728,-0.05347325
2018-11,Shanghai,second_hand,-0.0010005,0.00596539,up,-0.0865256,0.03081728,-0.05347325
2018-11,Hangzhou,new,0.00697561,0.00596539,up,-0.0865256,0.03081728,-0.05347325
2018-11,Hangzhou,second_hand,-0.00501254,0.00596539,up,-0.0865256,0.03081728,-0.05347325
2018-11,Guangzhou,new,0,0.00596539,up,-0.0865256,0.03081728,-0.05347325
2018-11,Guangzhou,second_hand,-0.00300451,0.00596539,up,-0.0865256,0.03081728,-0.05347325
2018-11,Shenzhen,new,-0.002002,0.00596539,up,-0.0865256,0.03081728,-0.05347325
2018-11,Shenzhen,second_hand,-0.002002,0.00596539,up,-0.0865256,0.03081728,-0.05347325
2018-11,Chengdu,new,0.01783992,0.00596539,up,-0.0865256,0.03081728,-0.05347325
2018-11,Chengdu,second_hand,0.00498754,0.00596539,up,-0.0865256,0.03081728,-0.05347325
2018-12,Beijing,new,0.00995033,-0.05242381,down,0.00596539,-0.0865256,0.03081728
2018-12,Beijing,second_hand,-0.002002,-0.05242381,down,0.00596539,-0.0865256,0.03081728
2018-12,Shanghai,new,0.00598207,-0.05242381,down,0.00596539,-0.0865256,0.03081728
2018-12,Shanghai,second_hand,-0.00300451,-0.05242381,down,0.00596539,-0.0865256,0.03081728
2018-12,Hangzhou,new,0.01093994,-0.05242381,down,0.00596539,-0.0865256,0.03081728
2018-12,Hangzhou,second_hand,0,-0.05242381,down,0.00596539,-0.0865256,0.03081728
2018-12,Guangzhou,new,0.0295588,-0.05242381,down,0.00596539,-0.0865256,0.03081728
2018-12,Guangzhou,second_hand,-0.00400802,-0.05242381,down,0.00596539,-0.0865256,0.03081728
2018-12,Shenzhen,new,0.00399202,-0.05242381,down,0.00596539,-0.0865256,0.03081728
2018-12,Shenzhen,second_hand,-0.00300451,-0.05242381,down,0.00596539,-0.0865256,0.03081728
2018-12,Chengdu,new,0.01291623,-0.05242381,down,0.00596539,-0.0865256,0.03081728
2018-12,Chengdu,second_hand,0.00895974,-0.05242381,down,0.00596539,-0.0865256,0.03081728
2019-01,Beijing,new,0.00598207,0.06150405,up,-0.05242381,0.00596539,-0.0865256
2019-01,Beijing,second_hand,-0.0010005,0.06150405,up,-0.05242381,0.00596539,-0.0865256
2019-01,Shanghai,new,0.0009995,0.06150405,up,-0.05242381,0.00596539,-0.0865256
2019-01,Shanghai,second_hand,0,0.06150405,up,-0.05242381,0.00596539,-0.0865256
2019-01,Hangzhou,new,0.00399202,0.06150405,up,-0.05242381,0.00596539,-0.0865256
2019-01,Hangzhou,second_hand,0.0009995,0.06150405,up,-0.05242381,0.00596539,-0.0865256
2019-01,Guangzhou,new,0.00895974,0.06150405,up,-0.05242381,0.00596539,-0.0865256
2019-01,Guangzhou,second_hand,-0.00300451,0.06150405,up,-0.05242381,0.00596539,-0.0865256
2019-01,Shenzhen,new,-0.0010005,0.06150405,up,-0.05242381,0.00596539,-0.0865256
2019-01,Shenzhen,second_hand,-0.00300451,0.06150405,up,-0.05242381,0.00596539,-0.0865256
2019-01,Chengdu,new,0.00796817,0.06150405,up,-0.05242381,0.00596539,-0.0865256
2019-01,Chengdu,second_hand,0,0.06150405,up,-0.05242381,0.00596539,-0.0865256
2019-02,Beijing,new,-0.002002,0.13635993,up,0.06150405,-0.05242381,0.00596539
2019-02,Beijing,second_hand,0.001998,0.13635993,up,0.06150405,-0.05242381,0.00596539
2019-02,Shanghai,new,0.00299551,0.13635993,up,0.06150405,-0.05242381,0.00596539
2019-02,Shanghai,second_hand,-0.0010005,0.13635993,up,0.06150405,-0.05242381,0.00596539
2019-02,Hangzhou,new,0.00498754,0.13635993,up,0.06150405,-0.05242381,0.00596539
2019-02,Hangzhou,second_hand,0,0.13635993,up,0.06150405,-0.05242381,0.00596539
2019-02,Guangzhou,new,0.01093994,0.13635993,up,0.06150405,-0.05242381,0.00596539
2019-02,Guangzhou,second_hand,-0.002002,0.13635993,up,0.06150405,-0.05242381,0.00596539
2019-02,Shenzhen,new,0,0.13635993,up,0.06150405,-0.05242381,0.00596539
2019-02,Shenzhen,second_hand,0.00498754,0.13635993,up,0.06150405,-0.05242381,0.00596539
2019-02,Chengdu,new,0.00697561,0.13635993,up,0.06150405,-0.05242381,0.00596539
2019-02,Chengdu,second_hand,0.00498754,0.13635993,up,0.06150405,-0.05242381,0.00596539
2019-03,Beijing,new,0.00399202,0.05383899,up,0.13635993,0.06150405,-0.05242381
2019-03,Beijing,second_hand,0.00399202,0.05383899,up,0.13635993,0.06150405,-0.05242381
2019-03,Shanghai,new,-0.0010005,0.05383899,up,0.13635993,0.06150405,-0.05242381
2019-03,Shanghai,second_hand,0.00299551,0.05383899,up,0.13635993,0.06150405,-0.05242381
2019-03,Hangzhou,new,0.00399202,0.05383899,up,0.13635993,0.06150405,-0.05242381
2019-03,Hangzhou,second_hand,0.00697561,0.05383899,up,0.13635993,0.06150405,-0.05242381
2019-03,Guangzhou,new,0.00796817,0.05383899,up,0.13635993,0.06150405,-0.05242381
2019-03,Guangzhou,second_hand,-0.00501254,0.05383899,up,0.13635993,0.06150405,-0.05242381
2019-03,Shenzhen,new,-0.00300451,0.05383899,up,0.13635993,0.06150405,-0.05242381
2019-03,Shenzhen,second_hand,0.00697561,0.05383899,up,0.13635993,0.06150405,-0.05242381
2019-03,Chengdu,new,0.00697561,0.05383899,up,0.13635993,0.06150405,-0.05242381
2019-03,Chengdu,second_hand,-0.0010005,0.05383899,up,0.13635993,0.06150405,-0.05242381
2019-04,Beijing,new,0.00498754,0.01049903,up,0.05383899,0.13635993,0.06150405
2019-04,Beijing,second_hand,0.00598207,0.01049903,up,0.05383899,0.13635993,0.06150405
2019-04,Shanghai,new,0.00299551,0.01049903,up,0.05383899,0.13635993,0.06150405
2019-04,Shanghai,second_hand,0.00498754,0.01049903,up,0.05383899,0.13635993,0.06150405
2019-04,Hangzhou,new,0.00995033,0.01049903,up,0.05383899,0.13635993,0.06150405
2019-04,Hangzhou,second_hand,0.00895974,0.01049903,up,0.05383899,0.13635993,0.06150405
2019-04,Guangzhou,new,0.01093994,0.01049903,up,0.05383899,0.13635993,0.06150405
2019-04,Guangzhou,second_hand,-0.00400802,0.01049903,up,0.05383899,0.13635993,0.06150405
2019-04,Shenzhen,new,0.00399202,0.01049903,up,0.05383899,0.13635993,0.06150405
2019-04,Shenzhen,second_hand,0.01093994,0.01049903,up,0.05383899,0.13635993,0.06150405
2019-04,Chengdu,new,0.00796817,0.01049903,up,0.05383899,0.13635993,0.06150405
2019-04,Chengdu,second_hand,-0.002002,0.01049903,up,0.05383899,0.13635993,0.06150405
2019-05,Beijing,new,0.00598207,-0.07518321,down,0.01049903,0.05383899,0.13635993
2019-05,Beijing,second_hand,0,-0.07518321,down,0.01049903,0.05383899,0.13635993
2019-05,Shanghai,new,-0.0010005,-0.07518321,down,0.01049903,0.05383899,0.13635993
2019-05,Shanghai,second_hand,0.0009995,-0.07518321,down,0.01049903,0.05383899,0.13635993
2019-05,Hangzhou,new,0.00796817,-0.07518321,down,0.01049903,0.05383899,0.13635993
2019-05,Hangzhou,second_hand,0.01291623,-0.07518321,down,0.01049903,0.05383899,0.13635993
2019-05,Guangzhou,new,0.00796817,-0.07518321,down,0.01049903,0.05383899,0.13635993
2019-05,Guangzhou,second_hand,-0.00300451,-0.07518321,down,0.01049903,0.05383899,0.13635993
2019-05,Shenzhen,new,0.00399202,-0.07518321,down,0.01049903,0.05383899,0.13635993
2019-05,Shenzhen,second_hand,0,-0.07518321,down,0.01049903,0.05383899,0.13635993
2019-05,Chengdu,new,0.00399202,-0.07518321,down,0.01049903,0.05383899,0.13635993
2019-05,Chengdu,second_hand,0.00498754,-0.07518321,down,0.01049903,0.05383899,0.13635993
2019-06,Beijing,new,-0.0010005,0.05253791,up,-0.07518321,0.01049903,0.05383899
2019-06,Beijing,second_hand,0,0.05253791,up,-0.07518321,0.01049903,0.05383899
2019-06,Shanghai,new,0.00299551,0.05253791,up,-0.07518321,0.01049903,0.05383899
2019-06,Shanghai,second_hand,-0.0010005,0.05253791,up,-0.07518321,0.01049903,0.05383899
2019-06,Hangzhou,new,0.01093994,0.05253791,up,-0.07518321,0.01049903,0.05383899
2019-06,Hangzhou,second_hand,0.00399202,0.05253791,up,-0.07518321,0.01049903,0.05383899
2019-06,Guangzhou,new,0.00299551,0.05253791,up,-0.07518321,0.01049903,0.05383899
2019-06,Guangzhou,second_hand,0,0.05253791,up,-0.07518321,0.01049903,0.05383899
2019-06,Shenzhen,new,0.00498754,0.05253791,up,-0.07518321,0.01049903,0.05383899
2019-06,Shenzhen,second_hand,-0.0010005,0.05253791,up,-0.07518321,0.01049903,0.05383899
2019-06,Chengdu,new,0.01291623,0.05253791,up,-0.07518321,0.01049903,0.05383899
2019-06,Chengdu,second_hand,0.0009995,0.05253791,up,-0.07518321,0.01049903,0.05383899
2019-07,Beijing,new,0.00598207,0.0025506,up,0.05253791,-0.07518321,0.01049903
2019-07,Beijing,second_hand,-0.00300451,0.0025506,up,0.05253791,-0.07518321,0.01049903
2019-07,Shanghai,new,-0.0010005,0.0025506,up,0.05253791,-0.07518321,0.01049903
2019-07,Shanghai,second_hand,0.00399202,0.0025506,up,0.05253791,-0.07518321,0.01049903
2019-07,Hangzhou,new,0.00498754,0.0025506,up,0.05253791,-0.07518321,0.01049903
2019-07,Hangzhou,second_hand,0.0009995,0.0025506,up,0.05253791,-0.07518321,0.01049903
2019-07,Guangzhou,new,0.00299551,0.0025506,up,0.05253791,-0.07518321,0.01049903
2019-07,Guangzhou,second_hand,0.00399202,0.0025506,up,0.05253791,-0.07518321,0.01049903
2019-07,Shenzhen,new,0,0.0025506,up,0.05253791,-0.07518321,0.01049903
2019-07,Shenzhen,second_hand,0.00697561,0.0025506,up,0.05253791,-0.07518321,0.01049903
2019-07,Chengdu,new,0.01291623,0.0025506,up,0.05253791,-0.07518321,0.01049903
2019-07,Chengdu,second_hand,0.00796817,0.0025506,up,0.05253791,-0.07518321,0.01049903
2019-08,Beijing,new,0.00498754,-0.00937014,down,0.0025506,0.05253791,-0.07518321
2019-08,Beijing,second_hand,-0.00400802,-0.00937014,down,0.0025506,0.05253791,-0.07518321
2019-08,Shanghai,new,0.00299551,-0.00937014,down,0.0025506,0.05253791,-0.07518321
2019-08,Shanghai,second_hand,0,-0.00937014,down,0.0025506,0.05253791,-0.07518321
2019-08,Hangzhou,new,0,-0.00937014,down,0.0025506,0.05253791,-0.07518321
2019-08,Hangzhou,second_hand,-0.0010005,-0.00937014,down,0.0025506,0.05253791,-0.07518321
2019-08,Guangzhou,new,0.001998,-0.00937014,down,0.0025506,0.05253791,-0.07518321
2019-08,Guangzhou,second_hand,0,-0.00937014,down,0.0025506,0.05253791,-0.07518321
2019-08,Shenzhen,new,0.001998,-0.00937014,down,0.0025506,0.05253791,-0.07518321
2019-08,Shenzhen,second_hand,0.001998,-0.00937014,down,0.0025506,0.05253791,-0.07518321
2019-08,Chengdu,new,0.00697561,-0.00937014,down,0.0025506,0.05253791,-0.07518321
2019-08,Chengdu,second_hand,-0.00904074,-0.00937014,down,0.0025506,0.05253791,-0.07518321
2019-09,Beijing,new,0,0.00392429,up,-0.00937014,0.0025506,0.05253791
2019-09,Beijing,second_hand,-0.00501254,0.00392429,up,-0.00937014,0.0025506,0.05253791
2019-09,Shanghai,new,0.00498754,0.00392429,up,-0.00937014,0.0025506,0.05253791
2019-09,Shanghai,second_hand,0.00598207,0.00392429,up,-0.00937014,0.0025506,0.05253791
2019-09,Hangzhou,new,0.001998,0.00392429,up,-0.00937014,0.0025506,0.05253791
2019-09,Hangzhou,second_hand,-0.002002,0.00392429,up,-0.00937014,0.0025506,0.05253791
2019-09,Guangzhou,new,0,0.00392429,up,-0.00937014,0.0025506,0.05253791
2019-09,Guangzhou,second_hand,-0.00300451,0.00392429,up,-0.00937014,0.0025506,0.05253791
2019-09,Shenzhen,new,0.01192857,0.00392429,up,-0.00937014,0.0025506,0.05253791
2019-09,Shenzhen,second_hand,0.01291623,0.00392429,up,-0.00937014,0.0025506,0.05253791
2019-09,Chengdu,new,0.00697561,0.00392429,up,-0.00937014,0.0025506,0.05253791
2019-09,Chengdu,second_hand,-0.00400802,0.00392429,up,-0.00937014,0.0025506,0.05253791
2019-10,Beijing,new,-0.002002,0.01875587,up,0.00392429,-0.00937014,0.0025506
2019-10,Beijing,second_hand,-0.00601807,0.01875587,up,0.00392429,-0.00937014,0.0025506
2019-10,Shanghai,new,0.00399202,0.01875587,up,0.00392429,-0.00937014,0.0025506
2019-10,Shanghai,second_hand,-0.002002,0.01875587,up,0.00392429,-0.00937014,0.0025506
2019-10,Hangzhou,new,-0.002002,0.01875587,up,0.00392429,-0.00937014,0.0025506
2019-10,Hangzhou,second_hand,-0.0010005,0.01875587,up,0.00392429,-0.00937014,0.0025506
2019-10,Guangzhou,new,-0.0010005,0.01875587,up,0.00392429,-0.00937014,0.0025506
2019-10,Guangzhou,second_hand,-0.0010005,0.01875587,up,0.00392429,-0.00937014,0.0025506
2019-10,Shenzhen,new,0.00399202,0.01875587,up,0.00392429,-0.00937014,0.0025506
2019-10,Shenzhen,second_hand,0.00995033,0.01875587,up,0.00392429,-0.00937014,0.0025506
2019-10,Chengdu,new,0.01488861,0.01875587,up,0.00392429,-0.00937014,0.0025506
2019-10,Chengdu,second_hand,0,0.01875587,up,0.00392429,-0.00937014,0.0025506
2019-11,Beijing,new,0.01685712,-0.01505585,down,0.01875587,0.00392429,-0.00937014
2019-11,Beijing,second_hand,-0.00400802,-0.01505585,down,0.01875587,0.00392429,-0.00937014
2019-11,Shanghai,new,0.00299551,-0.01505585,down,0.01875587,0.00392429,-0.00937014
2019-11,Shanghai,second_hand,0,-0.01505585,down,0.01875587,0.00392429,-0.00937014
2019-11,Hangzhou,new,-0.0010005,-0.01505585,down,0.01875587,0.00392429,-0.00937014
2019-11,Hangzhou,second_hand,0,-0.01505585,down,0.01875587,0.00392429,-0.00937014
2019-11,Guangzhou,new,-0.00501254,-0.01505585,down,0.01875587,0.00392429,-0.00937014
2019-11,Guangzhou,second_hand,-0.002002,-0.01505585,down,0.01875587,0.00392429,-0.00937014
2019-11,Shenzhen,new,0.001998,-0.01505585,down,0.01875587,0.00392429,-0.00937014
2019-11,Shenzhen,second_hand,0.01390291,-0.01505585,down,0.01875587,0.00392429,-0.00937014
2019-11,Chengdu,new,0.00796817,-0.01505585,down,0.01875587,0.00392429,-0.00937014
2019-11,Chengdu,second_hand,-0.002002,-0.01505585,down,0.01875587,0.00392429,-0.00937014
2019-12,Beijing,new,0.00399202,0.06763499,up,-0.01505585,0.01875587,0.00392429
2019-12,Beijing,second_hand,0.00598207,0.06763499,up,-0.01505585,0.01875587,0.00392429
2019-12,Shanghai,new,0,0.06763499,up,-0.01505585,0.01875587,0.00392429
2019-12,Shanghai,second_hand,-0.002002,0.06763499,up,-0.01505585,0.01875587,0.00392429
2019-12,Hangzhou,new,0.00299551,0.06763499,up,-0.01505585,0.01875587,0.00392429
2019-12,Hangzhou,second_hand,0.001998,0.06763499,up,-0.01505585,0.01875587,0.00392429
2019-12,Guangzhou,new,-0.00300451,0.06763499,up,-0.01505585,0.01875587,0.00392429
2019-12,Guangzhou,second_hand,0,0.06763499,up,-0.01505585,0.01875587,0.00392429
2019-12,Shenzhen,new,0.00697561,0.06763499,up,-0.01505585,0.01875587,0.00392429
2019-12,Shenzhen,second_hand,0.00995033,0.06763499,up,-0.01505585,0.01875587,0.00392429
2019-12,Chengdu,new,0.00498754,0.06763499,up,-0.01505585,0.01875587,0.00392429
2019-12,Chengdu,second_hand,0.00399202,0.06763499,up,-0.01505585,0.01875587,0.00392429
2020-01,Beijing,new,0,-0.02288359,down,0.06763499,-0.01505585,0.01875587
2020-01,Beijing,second_hand,0.00399202,-0.02288359,down,0.06763499,-0.01505585,0.01875587
2020-01,Shanghai,new,0.00498754,-0.02288359,down,0.06763499,-0.01505585,0.01875587
2020-01,Shanghai,second_hand,0.001998,-0.02288359,down,0.06763499,-0.01505585,0.01875587
2020-01,Hangzhou,new,0.00299551,-0.02288359,down,0.06763499,-0.01505585,0.01875587
2020-01,Hangzhou,second_hand,0.0009995,-0.02288359,down,0.06763499,-0.01505585,0.01875587
2020-01,Guangzhou,new,0.00299551,-0.02288359,down,0.06763499,-0.01505585,0.01875587
2020-01,Guangzhou,second_hand,0.00299551,-0.02288359,down,0.06763499,-0.01505585,0.01875587
2020-01,Shenzhen,new,0.00498754,-0.02288359,down,0.06763499,-0.01505585,0.01875587
2020-01,Shenzhen,second_hand,0.00697561,-0.02288359,down,0.06763499,-0.01505585,0.01875587
2020-01,Chengdu,new,0.00299551,-0.02288359,down,0.06763499,-0.01505585,0.01875587
2020-01,Chengdu,second_hand,-0.0010005,-0.02288359,down,0.06763499,-0.01505585,0.01875587
2020-02,Beijing,new,0.0009995,-0.01607547,down,-0.02288359,0.06763499,-0.01505585
2020-02,Beijing,second_hand,-0.002002,-0.01607547,down,-0.02288359,0.06763499,-0.01505585
2020-02,Shanghai,new,0,-0.01607547,down,-0.02288359,0.06763499,-0.01505585
2020-02,Shanghai,second_hand,0.001998,-0.01607547,down,-0.02288359,0.06763499,-0.01505585
2020-02,Hangzhou,new,-0.0010005,-0.01607547,down,-0.02288359,0.06763499,-0.01505585
2020-02,Hangzhou,second_hand,0,-0.01607547,down,-0.02288359,0.06763499,-0.01505585
2020-02,Guangzhou,new,-0.0010005,-0.01607547,down,-0.02288359,0.06763499,-0.01505585
2020-02,Guangzhou,second_hand,-0.0010005,-0.01607547,down,-0.02288359,0.06763499,-0.01505585
2020-02,Shenzhen,new,0,-0.01607547,down,-0.02288359,0.06763499,-0.01505585
2020-02,Shenzhen,second_hand,0.00498754,-0.01607547,down,-0.02288359,0.06763499,-0.01505585
2020-02,Chengdu,new,0.01192857,-0.01607547,down,-0.02288359,0.06763499,-0.01505585
2020-02,Chengdu,second_hand,0.00895974,-0.01607547,down,-0.02288359,0.06763499,-0.01505585
2020-03,Beijing,new,0,-0.06660815,down,-0.01607547,-0.02288359,0.06763499
2020-03,Beijing,second_hand,0.001998,-0.06660815,down,-0.01607547,-0.02288359,0.06763499
2020-03,Shanghai,new,0.0009995,-0.06660815,down,-0.01607547,-0.02288359,0.06763499
2020-03,Shanghai,second_hand,0.00299551,-0.06660815,down,-0.01607547,-0.02288359,0.06763499
2020-03,Hangzhou,new,0.01291623,-0.06660815,down,-0.01607547,-0.02288359,0.06763499
2020-03,Hangzhou,second_hand,0.00697561,-0.06660815,down,-0.01607547,-0.02288359,0.06763499
2020-03,Guangzhou,new,-0.00501254,-0.06660815,down,-0.01607547,-0.02288359,0.06763499
2020-03,Guangzhou,second_hand,-0.002002,-0.06660815,down,-0.01607547,-0.02288359,0.06763499
2020-03,Shenzhen,new,0.00498754,-0.06660815,down,-0.01607547,-0.02288359,0.06763499
2020-03,Shenzhen,second_hand,0.01587335,-0.06660815,down,-0.01607547,-0.02288359,0.06763499
2020-03,Chengdu,new,0.00498754,-0.06660815,down,-0.01607547,-0.02288359,0.06763499
2020-03,Chengdu,second_hand,0.00697561,-0.06660815,down,-0.01607547,-0.02288359,0.06763499
2020-04,Beijing,new,-0.00300451,0.05961174,up,-0.06660815,-0.01607547,-0.02288359
2020-04,Beijing,second_hand,0.01093994,0.05961174,up,-0.06660815,-0.01607547,-0.02288359
2020-04,Shanghai,new,0.00598207,0.05961174,up,-0.06660815,-0.01607547,-0.02288359
2020-04,Shanghai,second_hand,0.01192857,0.05961174,up,-0.06660815,-0.01607547,-0.02288359
2020-04,Hangzhou,new,0.00895974,0.05961174,up,-0.06660815,-0.01607547,-0.02288359
2020-04,Hangzhou,second_hand,0.00995033,0.05961174,up,-0.06660815,-0.01607547,-0.02288359
2020-04,Guangzhou,new,0,0.05961174,up,-0.06660815,-0.01607547,-0.02288359
2020-04,Guangzhou,second_hand,0,0.05961174,up,-0.06660815,-0.01607547,-0.02288359
2020-04,Shenzhen,new,0,0.05961174,up,-0.06660815,-0.01607547,-0.02288359
2020-04,Shenzhen,second_hand,0.01685712,0.05961174,up,-0.06660815,-0.01607547,-0.02288359
2020-04,Chengdu,new,0.00697561,0.05961174,up,-0.06660815,-0.01607547,-0.02288359
2020-04,Chengdu,second_hand,0.02078254,0.05961174,up,-0.06660815,-0.01607547,-0.02288359
2020-05,Beijing,new,0.00498754,-0.01171282,down,0.05961174,-0.06660815,-0.01607547
2020-05,Beijing,second_hand,0.01783992,-0.01171282,down,0.05961174,-0.06660815,-0.01607547
2020-05,Shanghai,new,0.00796817,-0.01171282,down,0.05961174,-0.06660815,-0.01607547
2020-05,Shanghai,second_hand,0.00598207,-0.01171282,down,0.05961174,-0.06660815,-0.01607547
2020-05,Hangzhou,new,0.00697561,-0.01171282,down,0.05961174,-0.06660815,-0.01607547
2020-05,Hangzhou,second_hand,0.00796817,-0.01171282,down,0.05961174,-0.06660815,-0.01607547
2020-05,Guangzhou,new,0.00299551,-0.01171282,down,0.05961174,-0.06660815,-0.01607547
2020-05,Guangzhou,second_hand,0.00399202,-0.01171282,down,0.05961174,-0.06660815,-0.01607547
2020-05,Shenzhen,new,0.00598207,-0.01171282,down,0.05961174,-0.06660815,-0.01607547
2020-05,Shenzhen,second_hand,0.01587335,-0.01171282,down,0.05961174,-0.06660815,-0.01607547
2020-05,Chengdu,new,0.00498754,-0.01171282,down,0.05961174,-0.06660815,-0.01607547
2020-05,Chengdu,second_hand,0.01291623,-0.01171282,down,0.05961174,-0.06660815,-0.01607547
2020-06,Beijing,new,0.00399202,0.07398236,up,-0.01171282,0.05961174,-0.06660815
2020-06,Beijing,second_hand,0.00697561,0.07398236,up,-0.01171282,0.05961174,-0.06660815
2020-06,Shanghai,new,0.00498754,0.07398236,up,-0.01171282,0.05961174,-0.06660815
2020-06,Shanghai,second_hand,0.00399202,0.07398236,up,-0.01171282,0.05961174,-0.06660815
2020-06,Hangzhou,new,0.01192857,0.07398236,up,-0.01171282,0.05961174,-0.06660815
2020-06,Hangzhou,second_hand,0.00995033,0.07398236,up,-0.01171282,0.05961174,-0.06660815
2020-06,Guangzhou,new,0.00598207,0.07398236,up,-0.01171282,0.05961174,-0.06660815
2020-06,Guangzhou,second_hand,0.00796817,0.07398236,up,-0.01171282,0.05961174,-0.06660815
2020-06,Shenzhen,new,0.00796817,0.07398236,up,-0.01171282,0.05961174,-0.06660815
2020-06,Shenzhen,second_hand,0.01882175,0.07398236,up,-0.01171282,0.05961174,-0.06660815
2020-06,Chengdu,new,0.00895974,0.07398236,up,-0.01171282,0.05961174,-0.06660815
2020-06,Chengdu,second_hand,0.00598207,0.07398236,up,-0.01171282,0.05961174,-0.06660815
2020-07,Beijing,new,0.00299551,0.12004222,up,0.07398236,-0.01171282,0.05961174
2020-07,Beijing,second_hand,0,0.12004222,up,0.07398236,-0.01171282,0.05961174
2020-07,Shanghai,new,0.00399202,0.12004222,up,0.07398236,-0.01171282,0.05961174
2020-07,Shanghai,second_hand,0.00498754,0.12004222,up,0.07398236,-0.01171282,0.05961174
2020-07,Hangzhou,new,0.001998,0.12004222,up,0.07398236,-0.01171282,0.05961174
2020-07,Hangzhou,second_hand,0.01291623,0.12004222,up,0.07398236,-0.01171282,0.05961174
2020-07,Guangzhou,new,0.00796817,0.12004222,up,0.07398236,-0.01171282,0.05961174
2020-07,Guangzhou,second_hand,0.01587335,0.12004222,up,0.07398236,-0.01171282,0.05961174
2020-07,Shenzhen,new,0.00598207,0.12004222,up,0.07398236,-0.01171282,0.05961174
2020-07,Shenzhen,second_hand,0.01192857,0.12004222,up,0.07398236,-0.01171282,0.05961174
2020-07,Chengdu,new,0.00895974,0.12004222,up,0.07398236,-0.01171282,0.05961174
2020-07,Chengdu,second_hand,0.00697561,0.12004222,up,0.07398236,-0.01171282,0.05961174
2020-08,Beijing,new,0.00598207,0.02548063,up,0.12004222,0.07398236,-0.01171282
2020-08,Beijing,second_hand,0.00697561,0.02548063,up,0.12004222,0.07398236,-0.01171282
2020-08,Shanghai,new,0.00598207,0.02548063,up,0.12004222,0.07398236,-0.01171282
2020-08,Shanghai,second_hand,0.00796817,0.02548063,up,0.12004222,0.07398236,-0.01171282
2020-08,Hangzhou,new,0.00399202,0.02548063,up,0.12004222,0.07398236,-0.01171282
2020-08,Hangzhou,second_hand,0.00697561,0.02548063,up,0.12004222,0.07398236,-0.01171282
2020-08,Guangzhou,new,0.00895974,0.02548063,up,0.12004222,0.07398236,-0.01171282
2020-08,Guangzhou,second_hand,0.01685712,0.02548063,up,0.12004222,0.07398236,-0.01171282
2020-08,Shenzhen,new,0.00498754,0.02548063,up,0.12004222,0.07398236,-0.01171282
2020-08,Shenzhen,second_hand,0.01093994,0.02548063,up,0.12004222,0.07398236,-0.01171282
2020-08,Chengdu,new,0.00995033,0.02548063,up,0.12004222,0.07398236,-0.01171282
2020-08,Chengdu,second_hand,0.01192857,0.02548063,up,0.12004222,0.07398236,-0.01171282
2020-09,Beijing,new,0.00299551,-0.04867597,down,0.02548063,0.12004222,0.07398236
2020-09,Beijing,second_hand,0.00399202,-0.04867597,down,0.02548063,0.12004222,0.07398236
2020-09,Shanghai,new,0.00498754,-0.04867597,down,0.02548063,0.12004222,0.07398236
2020-09,Shanghai,second_hand,0.00995033,-0.04867597,down,0.02548063,0.12004222,0.07398236
2020-09,Hangzhou,new,0,-0.04867597,down,0.02548063,0.12004222,0.07398236
2020-09,Hangzhou,second_hand,0.00299551,-0.04867597,down,0.02548063,0.12004222,0.07398236
2020-09,Guangzhou,new,0.00598207,-0.04867597,down,0.02548063,0.12004222,0.07398236
2020-09,Guangzhou,second_hand,0.00697561,-0.04867597,down,0.02548063,0.12004222,0.07398236
2020-09,Shenzhen,new,0.00399202,-0.04867597,down,0.02548063,0.12004222,0.07398236
2020-09,Shenzhen,second_hand,0.01093994,-0.04867597,down,0.02548063,0.12004222,0.07398236
2020-09,Chengdu,new,0.00299551,-0.04867597,down,0.02548063,0.12004222,0.07398236
2020-09,Chengdu,second_hand,0.00299551,-0.04867597,down,0.02548063,0.12004222,0.07398236
2020-10,Beijing,new,0.001998,0.02325498,up,-0.04867597,0.02548063,0.12004222
2020-10,Beijing,second_hand,0.00399202,0.02325498,up,-0.04867597,0.02548063,0.12004222
2020-10,Shanghai,new,0.00299551,0.02325498,up,-0.04867597,0.02548063,0.12004222
2020-10,Shanghai,second_hand,0.00498754,0.02325498,up,-0.04867597,0.02548063,0.12004222
2020-10,Hangzhou,new,0,0.02325498,up,-0.04867597,0.02548063,0.12004222
2020-10,Hangzhou,second_hand,0.00299551,0.02325498,up,-0.04867597,0.02548063,0.12004222
2020-10,Guangzhou,new,0.00498754,0.02325498,up,-0.04867597,0.02548063,0.12004222
2020-10,Guangzhou,second_hand,0.00598207,0.02325498,up,-0.04867597,0.02548063,0.12004222
2020-10,Shenzhen,new,0.001998,0.02325498,up,-0.04867597,0.02548063,0.12004222
2020-10,Shenzhen,second_hand,0.00895974,0.02325498,up,-0.04867597,0.02548063,0.12004222
2020-10,Chengdu,new,0.0009995,0.02325498,up,-0.04867597,0.02548063,0.12004222
2020-10,Chengdu,second_hand,0.001998,0.02325498,up,-0.04867597,0.02548063,0.12004222
2020-11,Beijing,new,-0.0010005,0.05488774,up,0.02325498,-0.04867597,0.02548063
2020-11,Beijing,second_hand,0.00498754,0.05488774,up,0.02325498,-0.04867597,0.02548063
2020-11,Shanghai,new,0,0.05488774,up,0.02325498,-0.04867597,0.02548063
2020-11,Shanghai,second_hand,0.00299551,0.05488774,up,0.02325498,-0.04867597,0.02548063
2020-11,Hangzhou,new,-0.002002,0.05488774,up,0.02325498,-0.04867597,0.02548063
2020-11,Hangzhou,second_hand,0.0009995,0.05488774,up,0.02325498,-0.04867597,0.02548063
2020-11,Guangzhou,new,0.00895974,0.05488774,up,0.02325498,-0.04867597,0.02548063
2020-11,Guangzhou,second_hand,0.00796817,0.05488774,up,0.02325498,-0.04867597,0.02548063
2020-11,Shenzhen,new,0,0.05488774,up,0.02325498,-0.04867597,0.02548063
2020-11,Shenzhen,second_hand,0.00598207,0.05488774,up,0.02325498,-0.04867597,0.02548063
2020-11,Chengdu,new,0,0.05488774,up,0.02325498,-0.04867597,0.02548063
2020-11,Chengdu,second_hand,0.00399202,0.05488774,up,0.02325498,-0.04867597,0.02548063
2020-12,Beijing,new,0.00299551,0.04937128,up,0.05488774,0.02325498,-0.04867597
2020-12,Beijing,second_hand,0.00498754,0.04937128,up,0.05488774,0.02325498,-0.04867597
2020-12,Shanghai,new,0.001998,0.04937128,up,0.05488774,0.02325498,-0.04867597
2020-12,Shanghai,second_hand,0.00598207,0.04937128,up,0.05488774,0.02325498,-0.04867597
2020-12,Hangzhou,new,-0.00300451,0.04937128,up,0.05488774,0.02325498,-0.04867597
2020-12,Hangzhou,second_hand,0.00498754,0.04937128,up,0.05488774,0.02325498,-0.04867597
2020-12,Guangzhou,new,0.00697561,0.04937128,up,0.05488774,0.02325498,-0.04867597
2020-12,Guangzhou,second_hand,0.00697561,0.04937128,up,0.05488774,0.02325498,-0.04867597
2020-12,Shenzhen,new,-0.0010005,0.04937128,up,0.05488774,0.02325498,-0.04867597
2020-12,Shenzhen,second_hand,0.00498754,0.04937128,up,0.05488774,0.02325498,-0.04867597
2020-12,Chengdu,new,-0.00300451,0.04937128,up,0.05488774,0.02325498,-0.04867597
2020-12,Chengdu,second_hand,-0.00300451,0.04937128,up,0.05488774,0.02325498,-0.04867597
2021-01,Beijing,new,0.00498754,0.02663542,up,0.04937128,0.05488774,0.02325498
2021-01,Beijing,second_hand,0.00895974,0.02663542,up,0.04937128,0.05488774,0.02325498
2021-01,Shanghai,new,0.00598207,0.02663542,up,0.04937128,0.05488774,0.02325498
2021-01,Shanghai,second_hand,0.01291623,0.02663542,up,0.04937128,0.05488774,0.02325498
2021-01,Hangzhou,new,0.0009995,0.02663542,up,0.04937128,0.05488774,0.02325498
2021-01,Hangzhou,second_hand,0.00697561,0.02663542,up,0.04937128,0.05488774,0.02325498
2021-01,Guangzhou,new,0.00995033,0.02663542,up,0.04937128,0.05488774,0.02325498
2021-01,Guangzhou,second_hand,0.01390291,0.02663542,up,0.04937128,0.05488774,0.02325498
2021-01,Shenzhen,new,0.00299551,0.02663542,up,0.04937128,0.05488774,0.02325498
2021-01,Shenzhen,second_hand,0.01685712,0.02663542,up,0.04937128,0.05488774,0.02325498
2021-01,Chengdu,new,0.00796817,0.02663542,up,0.04937128,0.05488774,0.02325498
2021-01,Chengdu,second_hand,0.00995033,0.02663542,up,0.04937128,0.05488774,0.02325498
2021-02,Beijing,new,0.00697561,-0.00284412,down,0.02663542,0.04937128,0.05488774
2021-02,Beijing,second_hand,0.01192857,-0.00284412,down,0.02663542,0.04937128,0.05488774
2021-02,Shanghai,new,0.00498754,-0.00284412,down,0.02663542,0.04937128,0.05488774
2021-02,Shanghai,second_hand,0.01291623,-0.00284412,down,0.02663542,0.04937128,0.05488774
2021-02,Hangzhou,new,0.001998,-0.00284412,down,0.02663542,0.04937128,0.05488774
2021-02,Hangzhou,second_hand,0.00399202,-0.00284412,down,0.02663542,0.04937128,0.05488774
2021-02,Guangzhou,new,0.00895974,-0.00284412,down,0.02663542,0.04937128,0.05488774
2021-02,Guangzhou,second_hand,0.00995033,-0.00284412,down,0.02663542,0.04937128,0.05488774
2021-02,Shenzhen,new,0.0009995,-0.00284412,down,0.02663542,0.04937128,0.05488774
2021-02,Shenzhen,second_hand,0.00895974,-0.00284412,down,0.02663542,0.04937128,0.05488774
2021-02,Chengdu,new,0.00697561,-0.00284412,down,0.02663542,0.04937128,0.05488774
2021-02,Chengdu,second_hand,0.00796817,-0.00284412,down,0.02663542,0.04937128,0.05488774
2021-03,Beijing,new,0.001998,-0.05555529,down,-0.00284412,0.02663542,0.04937128
2021-03,Beijing,second_hand,0.01390291,-0.05555529,down,-0.00284412,0.02663542,0.04937128
2021-03,Shanghai,new,0.00299551,-0.05555529,down,-0.00284412,0.02663542,0.04937128
2021-03,Shanghai,second_hand,0.01093994,-0.05555529,down,-0.00284412,0.02663542,0.04937128
2021-03,Hangzhou,new,0.00498754,-0.05555529,down,-0.00284412,0.02663542,0.04937128
2021-03,Hangzhou,second_hand,0.01192857,-0.05555529,down,-0.00284412,0.02663542,0.04937128
2021-03,Guangzhou,new,0.00995033,-0.05555529,down,-0.00284412,0.02663542,0.04937128
2021-03,Guangzhou,second_hand,0.01390291,-0.05555529,down,-0.00284412,0.02663542,0.04937128
2021-03,Shenzhen,new,0.0009995,-0.05555529,down,-0.00284412,0.02663542,0.04937128
2021-03,Shenzhen,second_hand,0.00399202,-0.05555529,down,-0.00284412,0.02663542,0.04937128
2021-03,Chengdu,new,0.00498754,-0.05555529,down,-0.00284412,0.02663542,0.04937128
2021-03,Chengdu,second_hand,0.00697561,-0.05555529,down,-0.00284412,0.02663542,0.04937128
2021-04,Beijing,new,0.00598207,0.01477241,up,-0.05555529,-0.00284412,0.02663542
2021-04,Beijing,second_hand,0.01192857,0.01477241,up,-0.05555529,-0.00284412,0.02663542
2021-04,Shanghai,new,0.00299551,0.01477241,up,-0.05555529,-0.00284412,0.02663542
2021-04,Shanghai,second_hand,0.00895974,0.01477241,up,-0.05555529,-0.00284412,0.02663542
2021-04,Hangzhou,new,0.00498754,0.01477241,up,-0.05555529,-0.00284412,0.02663542
2021-04,Hangzhou,second_hand,0.00995033,0.01477241,up,-0.05555529,-0.00284412,0.02663542
2021-04,Guangzhou,new,0.01093994,0.01477241,up,-0.05555529,-0.00284412,0.02663542
2021-04,Guangzhou,second_hand,0.01192857,0.01477241,up,-0.05555529,-0.00284412,0.02663542
2021-04,Shenzhen,new,0.00498754,0.01477241,up,-0.05555529,-0.00284412,0.02663542
2021-04,Shenzhen,second_hand,0,0.01477241,up,-0.05555529,-0.00284412,0.02663542
2021-04,Chengdu,new,0.00498754,0.01477241,up,-0.05555529,-0.00284412,0.02663542
2021-04,Chengdu,second_hand,0.00299551,0.01477241,up,-0.05555529,-0.00284412,0.02663542
2021-05,Beijing,new,0.00299551,0.03980991,up,0.01477241,-0.05555529,-0.00284412
2021-05,Beijing,second_hand,0.01093994,0.03980991,up,0.01477241,-0.05555529,-0.00284412
2021-05,Shanghai,new,0.00399202,0.03980991,up,0.01477241,-0.05555529,-0.00284412
2021-05,Shanghai,second_hand,0.00697561,0.03980991,up,0.01477241,-0.05555529,-0.00284412
2021-05,Hangzhou,new,0.00598207,0.03980991,up,0.01477241,-0.05555529,-0.00284412
2021-05,Hangzhou,second_hand,0.00895974,0.03980991,up,0.01477241,-0.05555529,-0.00284412
2021-05,Guangzhou,new,0.01488861,0.03980991,up,0.01477241,-0.05555529,-0.00284412
2021-05,Guangzhou,second_hand,0.00895974,0.03980991,up,0.01477241,-0.05555529,-0.00284412
2021-05,Shenzhen,new,0.00598207,0.03980991,up,0.01477241,-0.05555529,-0.00284412
2021-05,Shenzhen,second_hand,-0.0010005,0.03980991,up,0.01477241,-0.05555529,-0.00284412
2021-05,Chengdu,new,0.00399202,0.03980991,up,0.01477241,-0.05555529,-0.00284412
2021-05,Chengdu,second_hand,0.00697561,0.03980991,up,0.01477241,-0.05555529,-0.00284412
2021-06,Beijing,new,0.00895974,-0.0203747,down,0.03980991,0.01477241,-0.05555529
2021-06,Beijing,second_hand,0.01291623,-0.0203747,down,0.03980991,0.01477241,-0.05555529
2021-06,Shanghai,new,0.00498754,-0.0203747,down,0.03980991,0.01477241,-0.05555529
2021-06,Shanghai,second_hand,0.00995033,-0.0203747,down,0.03980991,0.01477241,-0.05555529
2021-06,Hangzhou,new,0.00796817,-0.0203747,down,0.03980991,0.01477241,-0.05555529
2021-06,Hangzhou,second_hand,0.00796817,-0.0203747,down,0.03980991,0.01477241,-0.05555529
2021-06,Guangzhou,new,0.00995033,-0.0203747,down,0.03980991,0.01477241,-0.05555529
2021-06,Guangzhou,second_hand,0.00598207,-0.0203747,down,0.03980991,0.01477241,-0.05555529
2021-06,Shenzhen,new,0.00498754,-0.0203747,down,0.03980991,0.01477241,-0.05555529
2021-06,Shenzhen,second_hand,-0.002002,-0.0203747,down,0.03980991,0.01477241,-0.05555529
2021-06,Chengdu,new,0.00299551,-0.0203747,down,0.03980991,0.01477241,-0.05555529
2021-06,Chengdu,second_hand,0.00498754,-0.0203747,down,0.03980991,0.01477241,-0.05555529
2021-07,Beijing,new,0.00796817,-0.08233075,down,-0.0203747,0.03980991,0.01477241
2021-07,Beijing,second_hand,0.00697561,-0.08233075,down,-0.0203747,0.03980991,0.01477241
2021-07,Shanghai,new,0.00399202,-0.08233075,down,-0.0203747,0.03980991,0.01477241
2021-07,Shanghai,second_hand,0.00697561,-0.08233075,down,-0.0203747,0.03980991,0.01477241
2021-07,Hangzhou,new,0.00498754,-0.08233075,down,-0.0203747,0.03980991,0.01477241
2021-07,Hangzhou,second_hand,0.00498754,-0.08233075,down,-0.0203747,0.03980991,0.01477241
2021-07,Guangzhou,new,0.001998,-0.08233075,down,-0.0203747,0.03980991,0.01477241
2021-07,Guangzhou,second_hand,0.00598207,-0.08233075,down,-0.0203747,0.03980991,0.01477241
2021-07,Shenzhen,new,0.00498754,-0.08233075,down,-0.0203747,0.03980991,0.01477241
2021-07,Shenzhen,second_hand,-0.00400802,-0.08233075,down,-0.0203747,0.03980991,0.01477241
2021-07,Chengdu,new,0.00399202,-0.08233075,down,-0.0203747,0.03980991,0.01477241
2021-07,Chengdu,second_hand,0,-0.08233075,down,-0.0203747,0.03980991,0.01477241
2021-08,Beijing,new,0.001998,-0.00115631,down,-0.08233075,-0.0203747,0.03980991
2021-08,Beijing,second_hand,0.00399202,-0.00115631,down,-0.08233075,-0.0203747,0.03980991
2021-08,Shanghai,new,0.00399202,-0.00115631,down,-0.08233075,-0.0203747,0.03980991
2021-08,Shanghai,second_hand,0.001998,-0.00115631,down,-0.08233075,-0.0203747,0.03980991
2021-08,Hangzhou,new,0.00598207,-0.00115631,down,-0.08233075,-0.0203747,0.03980991
2021-08,Hangzhou,second_hand,0.001998,-0.00115631,down,-0.08233075,-0.0203747,0.03980991
2021-08,Guangzhou,new,-0.0010005,-0.00115631,down,-0.08233075,-0.0203747,0.03980991
2021-08,Guangzhou,second_hand,0.00498754,-0.00115631,down,-0.08233075,-0.0203747,0.03980991
2021-08,Shenzhen,new,0.00995033,-0.00115631,down,-0.08233075,-0.0203747,0.03980991
2021-08,Shenzhen,second_hand,-0.00400802,-0.00115631,down,-0.08233075,-0.0203747,0.03980991
2021-08,Chengdu,new,0.00299551,-0.00115631,down,-0.08233075,-0.0203747,0.03980991
2021-08,Chengdu,second_hand,0.00498754,-0.00115631,down,-0.08233075,-0.0203747,0.03980991
2021-09,Beijing,new,0,0.01256635,up,-0.00115631,-0.08233075,-0.0203747
2021-09,Beijing,second_hand,-0.002002,0.01256635,up,-0.00115631,-0.08233075,-0.0203747
2021-09,Shanghai,new,0.001998,0.01256635,up,-0.00115631,-0.08233075,-0.0203747
2021-09,Shanghai,second_hand,-0.00601807,0.01256635,up,-0.00115631,-0.08233075,-0.0203747
2021-09,Hangzhou,new,0.00399202,0.01256635,up,-0.00115631,-0.08233075,-0.0203747
2021-09,Hangzhou,second_hand,-0.00400802,0.01256635,up,-0.00115631,-0.08233075,-0.0203747
2021-09,Guangzhou,new,-0.0010005,0.01256635,up,-0.00115631,-0.08233075,-0.0203747
2021-09,Guangzhou,second_hand,-0.00400802,0.01256635,up,-0.00115631,-0.08233075,-0.0203747
2021-09,Shenzhen,new,0.001998,0.01256635,up,-0.00115631,-0.08233075,-0.0203747
2021-09,Shenzhen,second_hand,-0.00501254,0.01256635,up,-0.00115631,-0.08233075,-0.0203747
2021-09,Chengdu,new,-0.002002,0.01256635,up,-0.00115631,-0.08233075,-0.0203747
2021-09,Chengdu,second_hand,0.0009995,0.01256635,up,-0.00115631,-0.08233075,-0.0203747
2021-10,Beijing,new,0.00598207,0.00867307,up,0.01256635,-0.00115631,-0.08233075
2021-10,Beijing,second_hand,-0.00501254,0.00867307,up,0.01256635,-0.00115631,-0.08233075
2021-10,Shanghai,new,0.0009995,0.00867307,up,0.01256635,-0.00115631,-0.08233075
2021-10,Shanghai,second_hand,-0.00400802,0.00867307,up,0.01256635,-0.00115631,-0.08233075
2021-10,Hangzhou,new,0.00399202,0.00867307,up,0.01256635,-0.00115631,-0.08233075
2021-10,Hangzhou,second_hand,-0.00501254,0.00867307,up,0.01256635,-0.00115631,-0.08233075
2021-10,Guangzhou,new,-0.00300451,0.00867307,up,0.01256635,-0.00115631,-0.08233075
2021-10,Guangzhou,second_hand,-0.00601807,0.00867307,up,0.01256635,-0.00115631,-0.08233075
2021-10,Shenzhen,new,-0.002002,0.00867307,up,0.01256635,-0.00115631,-0.08233075
2021-10,Shenzhen,second_hand,-0.002002,0.00867307,up,0.01256635,-0.00115631,-0.08233075
2021-10,Chengdu,new,-0.00601807,0.00867307,up,0.01256635,-0.00115631,-0.08233075
2021-10,Chengdu,second_hand,0,0.00867307,up,0.01256635,-0.00115631,-0.08233075
2021-11,Beijing,new,0.00299551,-0.01575673,down,0.00867307,0.01256635,-0.00115631
2021-11,Beijing,second_hand,-0.002002,-0.01575673,down,0.00867307,0.01256635,-0.00115631
2021-11,Shanghai,new,0.001998,-0.01575673,down,0.00867307,0.01256635,-0.00115631
2021-11,Shanghai,second_hand,-0.0010005,-0.01575673,down,0.00867307,0.01256635,-0.00115631
2021-11,Hangzhou,new,0.00498754,-0.01575673,down,0.00867307,0.01256635,-0.00115631
2021-11,Hangzhou,second_hand,-0.0010005,-0.01575673,down,0.00867307,0.01256635,-0.00115631
2021-11,Guangzhou,new,-0.00601807,-0.01575673,down,0.00867307,0.01256635,-0.00115631
2021-11,Guangzhou,second_hand,-0.00501254,-0.01575673,down,0.00867307,0.01256635,-0.00115631
2021-11,Shenzhen,new,0,-0.01575673,down,0.00867307,0.01256635,-0.00115631
2021-11,Shenzhen,second_hand,-0.002002,-0.01575673,down,0.00867307,0.01256635,-0.00115631
2021-11,Chengdu,new,-0.002002,-0.01575673,down,0.00867307,0.01256635,-0.00115631
2021-11,Chengdu,second_hand,-0.00601807,-0.01575673,down,0.00867307,0.01256635,-0.00115631
2021-12,Beijing,new,0,0.02217356,up,-0.01575673,0.00867307,0.01256635
2021-12,Beijing,second_hand,0.00796817,0.02217356,up,-0.01575673,0.00867307,0.01256635
2021-12,Shanghai,new,0.00399202,0.02217356,up,-0.01575673,0.00867307,0.01256635
2021-12,Shanghai,second_hand,0.00399202,0.02217356,up,-0.01575673,0.00867307,0.01256635
2021-12,Hangzhou,new,0.00498754,0.02217356,up,-0.01575673,0.00867307,0.01256635
2021-12,Hangzhou,second_hand,0.00299551,0.02217356,up,-0.01575673,0.00867307,0.01256635
2021-12,Guangzhou,new,-0.00601807,0.02217356,up,-0.01575673,0.00867307,0.01256635
2021-12,Guangzhou,second_hand,-0.00300451,0.02217356,up,-0.01575673,0.00867307,0.01256635
2021-12,Shenzhen,new,-0.0010005,0.02217356,up,-0.01575673,0.00867307,0.01256635
2021-12,Shenzhen,second_hand,-0.00400802,0.02217356,up,-0.01575673,0.00867307,0.01256635
2021-12,Chengdu,new,-0.00400802,0.02217356,up,-0.01575673,0.00867307,0.01256635
2021-12,Chengdu,second_hand,-0.00300451,0.02217356,up,-0.01575673,0.00867307,0.01256635
2022-01,Beijing,new,0.00995033,-0.07929119,down,0.02217356,-0.01575673,0.00867307
2022-01,Beijing,second_hand,0.00498754,-0.07929119,down,0.02217356,-0.01575673,0.00867307
2022-01,Shanghai,new,0.00598207,-0.07929119,down,0.02217356,-0.01575673,0.00867307
2022-01,Shanghai,second_hand,0.00598207,-0.07929119,down,0.02217356,-0.01575673,0.00867307
2022-01,Hangzhou,new,0.00299551,-0.07929119,down,0.02217356,-0.01575673,0.00867307
2022-01,Hangzhou,second_hand,0.00399202,-0.07929119,down,0.02217356,-0.01575673,0.00867307
2022-01,Guangzhou,new,0.00498754,-0.07929119,down,0.02217356,-0.01575673,0.00867307
2022-01,Guangzhou,second_hand,-0.002002,-0.07929119,down,0.02217356,-0.01575673,0.00867307
2022-01,Shenzhen,new,0.00498754,-0.07929119,down,0.02217356,-0.01575673,0.00867307
2022-01,Shenzhen,second_hand,-0.00501254,-0.07929119,down,0.02217356,-0.01575673,0.00867307
2022-01,Chengdu,new,0.00995033,-0.07929119,down,0.02217356,-0.01575673,0.00867307
2022-01,Chengdu,second_hand,0.00796817,-0.07929119,down,0.02217356,-0.01575673,0.00867307
2022-02,Beijing,new,0.00598207,0.00391016,up,-0.07929119,0.02217356,-0.01575673
2022-02,Beijing,second_hand,0.00697561,0.00391016,up,-0.07929119,0.02217356,-0.01575673
2022-02,Shanghai,new,0.00498754,0.00391016,up,-0.07929119,0.02217356,-0.01575673
2022-02,Shanghai,second_hand,0.00895974,0.00391016,up,-0.07929119,0.02217356,-0.01575673
2022-02,Hangzhou,new,0.00399202,0.00391016,up,-0.07929119,0.02217356,-0.01575673
2022-02,Hangzhou,second_hand,0.001998,0.00391016,up,-0.07929119,0.02217356,-0.01575673
2022-02,Guangzhou,new,0.00598207,0.00391016,up,-0.07929119,0.02217356,-0.01575673
2022-02,Guangzhou,second_hand,0.00598207,0.00391016,up,-0.07929119,0.02217356,-0.01575673
2022-02,Shenzhen,new,0.00399202,0.00391016,up,-0.07929119,0.02217356,-0.01575673
2022-02,Shenzhen,second_hand,-0.002002,0.00391016,up,-0.07929119,0.02217356,-0.01575673
2022-02,Chengdu,new,0.00697561,0.00391016,up,-0.07929119,0.02217356,-0.01575673
2022-02,Chengdu,second_hand,0.00598207,0.00391016,up,-0.07929119,0.02217356,-0.01575673
2022-03,Beijing,new,0.00399202,-0.08160814,down,0.00391016,-0.07929119,0.02217356
2022-03,Beijing,second_hand,0.01192857,-0.08160814,down,0.00391016,-0.07929119,0.02217356
2022-03,Shanghai,new,0.00299551,-0.08160814,down,0.00391016,-0.07929119,0.02217356
2022-03,Shanghai,second_hand,0.00399202,-0.08160814,down,0.00391016,-0.07929119,0.02217356
2022-03,Hangzhou,new,0.00697561,-0.08160814,down,0.00391016,-0.07929119,0.02217356
2022-03,Hangzhou,second_hand,0.00299551,-0.08160814,down,0.00391016,-0.07929119,0.02217356
2022-03,Guangzhou,new,-0.0010005,-0.08160814,down,0.00391016,-0.07929119,0.02217356
2022-03,Guangzhou,second_hand,0.00299551,-0.08160814,down,0.00391016,-0.07929119,0.02217356
2022-03,Shenzhen,new,0.00796817,-0.08160814,down,0.00391016,-0.07929119,0.02217356
2022-03,Shenzhen,second_hand,-0.00300451,-0.08160814,down,0.00391016,-0.07929119,0.02217356
2022-03,Chengdu,new,0.00796817,-0.08160814,down,0.00391016,-0.07929119,0.02217356
2022-03,Chengdu,second_hand,0.00598207,-0.08160814,down,0.00391016,-0.07929119,0.02217356
2022-04,Beijing,new,0.00697561,-0.05010491,down,-0.08160814,0.00391016,-0.07929119
2022-04,Beijing,second_hand,0.00598207,-0.05010491,down,-0.08160814,0.00391016,-0.07929119
2022-04,Shanghai,new,0,-0.05010491,down,-0.08160814,0.00391016,-0.07929119
2022-04,Shanghai,second_hand,0,-0.05010491,down,-0.08160814,0.00391016,-0.07929119
2022-04,Hangzhou,new,0.00598207,-0.05010491,down,-0.08160814,0.00391016,-0.07929119
2022-04,Hangzhou,second_hand,0.0009995,-0.05010491,down,-0.08160814,0.00391016,-0.07929119
2022-04,Guangzhou,new,0.0009995,-0.05010491,down,-0.08160814,0.00391016,-0.07929119
2022-04,Guangzhou,second_hand,0.00498754,-0.05010491,down,-0.08160814,0.00391016,-0.07929119
2022-04,Shenzhen,new,-0.0010005,-0.05010491,down,-0.08160814,0.00391016,-0.07929119
2022-04,Shenzhen,second_hand,0.00498754,-0.05010491,down,-0.08160814,0.00391016,-0.07929119
2022-04,Chengdu,new,0.00796817,-0.05010491,down,-0.08160814,0.00391016,-0.07929119
2022-04,Chengdu,second_hand,0.00697561,-0.05010491,down,-0.08160814,0.00391016,-0.07929119
2022-05,Beijing,new,0.00399202,0.0185704,up,-0.05010491,-0.08160814,0.00391016
2022-05,Beijing,second_hand,-0.0010005,0.0185704,up,-0.05010491,-0.08160814,0.00391016
2022-05,Shanghai,new,0,0.0185704,up,-0.05010491,-0.08160814,0.00391016
2022-05,Shanghai,second_hand,0,0.0185704,up,-0.05010491,-0.08160814,0.00391016
2022-05,Hangzhou,new,0.00399202,0.0185704,up,-0.05010491,-0.08160814,0.00391016
2022-05,Hangzhou,second_hand,-0.002002,0.0185704,up,-0.05010491,-0.08160814,0.00391016
2022-05,Guangzhou,new,0.00498754,0.0185704,up,-0.05010491,-0.08160814,0.00391016
2022-05,Guangzhou,second_hand,0.001998,0.0185704,up,-0.05010491,-0.08160814,0.00391016
2022-05,Shenzhen,new,0.00498754,0.0185704,up,-0.05010491,-0.08160814,0.00391016
2022-05,Shenzhen,second_hand,0.0009995,0.0185704,up,-0.05010491,-0.08160814,0.00391016
2022-05,Chengdu,new,0.00895974,0.0185704,up,-0.05010491,-0.08160814,0.00391016
2022-05,Chengdu,second_hand,0.00895974,0.0185704,up,-0.05010491,-0.08160814,0.00391016
2022-06,Beijing,new,0.00796817,0.09182419,up,0.0185704,-0.05010491,-0.08160814
2022-06,Beijing,second_hand,0.00498754,0.09182419,up,0.0185704,-0.05010491,-0.08160814
2022-06,Shanghai,new,0.00498754,0.09182419,up,0.0185704,-0.05010491,-0.08160814
2022-06,Shanghai,second_hand,0.001998,0.09182419,up,0.0185704,-0.05010491,-0.08160814
2022-06,Hangzhou,new,0.00995033,0.09182419,up,0.0185704,-0.05010491,-0.08160814
2022-06,Hangzhou,second_hand,0.00598207,0.09182419,up,0.0185704,-0.05010491,-0.08160814
2022-06,Guangzhou,new,0.00299551,0.09182419,up,0.0185704,-0.05010491,-0.08160814
2022-06,Guangzhou,second_hand,0.00498754,0.09182419,up,0.0185704,-0.05010491,-0.08160814
2022-06,Shenzhen,new,0.001998,0.09182419,up,0.0185704,-0.05010491,-0.08160814
2022-06,Shenzhen,second_hand,-0.01005034,0.09182419,up,0.0185704,-0.05010491,-0.08160814
2022-06,Chengdu,new,0.01291623,0.09182419,up,0.0185704,-0.05010491,-0.08160814
2022-06,Chengdu,second_hand,0.01980263,0.09182419,up,0.0185704,-0.05010491,-0.08160814
2022-07,Beijing,new,0.00498754,-0.07280071,down,0.09182419,0.0185704,-0.05010491
2022-07,Beijing,second_hand,0.001998,-0.07280071,down,0.09182419,0.0185704,-0.05010491
2022-07,Shanghai,new,0.00498754,-0.07280071,down,0.09182419,0.0185704,-0.05010491
2022-07,Shanghai,second_hand,0.00796817,-0.07280071,down,0.09182419,0.0185704,-0.05010491
2022-07,Hangzhou,new,0.00697561,-0.07280071,down,0.09182419,0.0185704,-0.05010491
2022-07,Hangzhou,second_hand,-0.00300451,-0.07280071,down,0.09182419,0.0185704,-0.05010491
2022-07,Guangzhou,new,0.00299551,-0.07280071,down,0.09182419,0.0185704,-0.05010491
2022-07,Guangzhou,second_hand,0.0009995,-0.07280071,down,0.09182419,0.0185704,-0.05010491
2022-07,Shenzhen,new,-0.002002,-0.07280071,down,0.09182419,0.0185704,-0.05010491
2022-07,Shenzhen,second_hand,-0.00501254,-0.07280071,down,0.09182419,0.0185704,-0.05010491
2022-07,Chengdu,new,0.00995033,-0.07280071,down,0.09182419,0.0185704,-0.05010491
2022-07,Chengdu,second_hand,0.01291623,-0.07280071,down,0.09182419,0.0185704,-0.05010491
2022-08,Beijing,new,0.00399202,-0.02212738,down,-0.07280071,0.09182419,0.0185704
2022-08,Beijing,second_hand,0.001998,-0.02212738,down,-0.07280071,0.09182419,0.0185704
2022-08,Shanghai,new,0.00598207,-0.02212738,down,-0.07280071,0.09182419,0.0185704
2022-08,Shanghai,second_hand,0.00598207,-0.02212738,down,-0.07280071,0.09182419,0.0185704
2022-08,Hangzhou,new,0.00399202,-0.02212738,down,-0.07280071,0.09182419,0.0185704
2022-08,Hangzhou,second_hand,-0.00400802,-0.02212738,down,-0.07280071,0.09182419,0.0185704
2022-08,Guangzhou,new,-0.002002,-0.02212738,down,-0.07280071,0.09182419,0.0185704
2022-08,Guangzhou,second_hand,-0.0010005,-0.02212738,down,-0.07280071,0.09182419,0.0185704
2022-08,Shenzhen,new,-0.00400802,-0.02212738,down,-0.07280071,0.09182419,0.0185704
2022-08,Shenzhen,second_hand,-0.00501254,-0.02212738,down,-0.07280071,0.09182419,0.0185704
2022-08,Chengdu,new,0.00399202,-0.02212738,down,-0.07280071,0.09182419,0.0185704
2022-08,Chengdu,second_hand,0.00598207,-0.02212738,down,-0.07280071,0.09182419,0.0185704
2022-09,Beijing,new,0.001998,-0.06952555,down,-0.02212738,-0.07280071,0.09182419
2022-09,Beijing,second_hand,0.00399202,-0.06952555,down,-0.02212738,-0.07280071,0.09182419
2022-09,Shanghai,new,0.001998,-0.06952555,down,-0.02212738,-0.07280071,0.09182419
2022-09,Shanghai,second_hand,0.00498754,-0.06952555,down,-0.02212738,-0.07280071,0.09182419
2022-09,Hangzhou,new,0.00399202,-0.06952555,down,-0.02212738,-0.07280071,0.09182419
2022-09,Hangzhou,second_hand,-0.00601807,-0.06952555,down,-0.02212738,-0.07280071,0.09182419
2022-09,Guangzhou,new,-0.00300451,-0.06952555,down,-0.02212738,-0.07280071,0.09182419
2022-09,Guangzhou,second_hand,-0.00601807,-0.06952555,down,-0.02212738,-0.07280071,0.09182419
2022-09,Shenzhen,new,-0.00501254,-0.06952555,down,-0.02212738,-0.07280071,0.09182419
2022-09,Shenzhen,second_hand,-0.00400802,-0.06952555,down,-0.02212738,-0.07280071,0.09182419
2022-09,Chengdu,new,0.00697561,-0.06952555,down,-0.02212738,-0.07280071,0.09182419
2022-09,Chengdu,second_hand,0.00299551,-0.06952555,down,-0.02212738,-0.07280071,0.09182419
2022-10,Beijing,new,0.00399202,-0.08104148,down,-0.06952555,-0.02212738,-0.07280071
2022-10,Beijing,second_hand,0.0009995,-0.08104148,down,-0.06952555,-0.02212738,-0.07280071
2022-10,Shanghai,new,0.00299551,-0.08104148,down,-0.06952555,-0.02212738,-0.07280071
2022-10,Shanghai,second_hand,-0.00400802,-0.08104148,down,-0.06952555,-0.02212738,-0.07280071
2022-10,Hangzhou,new,0.00299551,-0.08104148,down,-0.06952555,-0.02212738,-0.07280071
2022-10,Hangzhou,second_hand,-0.00803217,-0.08104148,down,-0.06952555,-0.02212738,-0.07280071
2022-10,Guangzhou,new,-0.00300451,-0.08104148,down,-0.06952555,-0.02212738,-0.07280071
2022-10,Guangzhou,second_hand,-0.00702461,-0.08104148,down,-0.06952555,-0.02212738,-0.07280071
2022-10,Shenzhen,new,-0.00702461,-0.08104148,down,-0.06952555,-0.02212738,-0.07280071
2022-10,Shenzhen,second_hand,-0.002002,-0.08104148,down,-0.06952555,-0.02212738,-0.07280071
2022-10,Chengdu,new,0.00299551,-0.08104148,down,-0.06952555,-0.02212738,-0.07280071
2022-10,Chengdu,second_hand,0.00399202,-0.08104148,down,-0.06952555,-0.02212738,-0.07280071
2022-11,Beijing,new,0.0009995,0.09361685,up,-0.08104148,-0.06952555,-0.02212738
2022-11,Beijing,second_hand,-0.002002,0.09361685,up,-0.08104148,-0.06952555,-0.02212738
2022-11,Shanghai,new,0.00299551,0.09361685,up,-0.08104148,-0.06952555,-0.02212738
2022-11,Shanghai,second_hand,-0.00501254,0.09361685,up,-0.08104148,-0.06952555,-0.02212738
2022-11,Hangzhou,new,0.00697561,0.09361685,up,-0.08104148,-0.06952555,-0.02212738
2022-11,Hangzhou,second_hand,-0.002002,0.09361685,up,-0.08104148,-0.06952555,-0.02212738
2022-11,Guangzhou,new,-0.00501254,0.09361685,up,-0.08104148,-0.06952555,-0.02212738
2022-11,Guangzhou,second_hand,-0.00601807,0.09361685,up,-0.08104148,-0.06952555,-0.02212738
2022-11,Shenzhen,new,-0.00501254,0.09361685,up,-0.08104148,-0.06952555,-0.02212738
2022-11,Shenzhen,second_hand,-0.00300451,0.09361685,up,-0.08104148,-0.06952555,-0.02212738
2022-11,Chengdu,new,0.00498754,0.09361685,up,-0.08104148,-0.06952555,-0.02212738
2022-11,Chengdu,second_hand,0.00299551,0.09361685,up,-0.08104148,-0.06952555,-0.02212738
2022-12,Beijing,new,0.001998,0.00481316,up,0.09361685,-0.08104148,-0.06952555
2022-12,Beijing,second_hand,-0.00400802,0.00481316,up,0.09361685,-0.08104148,-0.06952555
2022-12,Shanghai,new,0.00399202,0.00481316,up,0.09361685,-0.08104148,-0.06952555
2022-12,Shanghai,second_hand,-0.00501254,0.00481316,up,0.09361685,-0.08104148,-0.06952555
2022-12,Hangzhou,new,0.00299551,0.00481316,up,0.09361685,-0.08104148,-0.06952555
2022-12,Hangzhou,second_hand,-0.0010005,0.00481316,up,0.09361685,-0.08104148,-0.06952555
2022-12,Guangzhou,new,-0.00400802,0.00481316,up,0.09361685,-0.08104148,-0.06952555
2022-12,Guangzhou,second_hand,-0.00601807,0.00481316,up,0.09361685,-0.08104148,-0.06952555
2022-12,Shenzhen,new,-0.00300451,0.00481316,up,0.09361685,-0.08104148,-0.06952555
2022-12,Shenzhen,second_hand,-0.00501254,0.00481316,up,0.09361685,-0.08104148,-0.06952555
2022-12,Chengdu,new,0.00498754,0.00481316,up,0.09361685,-0.08104148,-0.06952555
2022-12,Chengdu,second_hand,0.001998,0.00481316,up,0.09361685,-0.08104148,-0.06952555
2023-01,Beijing,new,0.00399202,0.07108437,up,0.00481316,0.09361685,-0.08104148
2023-01,Beijing,second_hand,0.00895974,0.07108437,up,0.00481316,0.09361685,-0.08104148
2023-01,Shanghai,new,0.00697561,0.07108437,up,0.00481316,0.09361685,-0.08104148
2023-01,Shanghai,second_hand,0.00399202,0.07108437,up,0.00481316,0.09361685,-0.08104148
2023-01,Hangzhou,new,0.00399202,0.07108437,up,0.00481316,0.09361685,-0.08104148
2023-01,Hangzhou,second_hand,-0.002002,0.07108437,up,0.00481316,0.09361685,-0.08104148
2023-01,Guangzhou,new,-0.002002,0.07108437,up,0.00481316,0.09361685,-0.08104148
2023-01,Guangzhou,second_hand,-0.002002,0.07108437,up,0.00481316,0.09361685,-0.08104148
2023-01,Shenzhen,new,-0.002002,0.07108437,up,0.00481316,0.09361685,-0.08104148
2023-01,Shenzhen,second_hand,0.00598207,0.07108437,up,0.00481316,0.09361685,-0.08104148
2023-01,Chengdu,new,0.00598207,0.07108437,up,0.00481316,0.09361685,-0.08104148
2023-01,Chengdu,second_hand,0.00498754,0.07108437,up,0.00481316,0.09361685,-0.08104148
2023-02,Beijing,new,0.001998,-0.02124967,down,0.07108437,0.00481316,0.09361685
2023-02,Beijing,second_hand,0.00796817,-0.02124967,down,0.07108437,0.00481316,0.09361685
2023-02,Shanghai,new,0.001998,-0.02124967,down,0.07108437,0.00481316,0.09361685
2023-02,Shanghai,second_hand,0.00995033,-0.02124967,down,0.07108437,0.00481316,0.09361685
2023-02,Hangzhou,new,0.001998,-0.02124967,down,0.07108437,0.00481316,0.09361685
2023-02,Hangzhou,second_hand,0.00399202,-0.02124967,down,0.07108437,0.00481316,0.09361685
2023-02,Guangzhou,new,0.00299551,-0.02124967,down,0.07108437,0.00481316,0.09361685
2023-02,Guangzhou,second_hand,0.00498754,-0.02124967,down,0.07108437,0.00481316,0.09361685
2023-02,Shenzhen,new,0.001998,-0.02124967,down,0.07108437,0.00481316,0.09361685
2023-02,Shenzhen,second_hand,0.00498754,-0.02124967,down,0.07108437,0.00481316,0.09361685
2023-02,Chengdu,new,0.00697561,-0.02124967,down,0.07108437,0.00481316,0.09361685
2023-02,Chengdu,second_hand,0.00995033,-0.02124967,down,0.07108437,0.00481316,0.09361685
2023-03,Beijing,new,0.00299551,-0.00456383,down,-0.02124967,0.07108437,0.00481316
2023-03,Beijing,second_hand,0.00697561,-0.00456383,down,-0.02124967,0.07108437,0.00481316
2023-03,Shanghai,new,0.00399202,-0.00456383,down,-0.02124967,0.07108437,0.00481316
2023-03,Shanghai,second_hand,0.00697561,-0.00456383,down,-0.02124967,0.07108437,0.00481316
2023-03,Hangzhou,new,0.001998,-0.00456383,down,-0.02124967,0.07108437,0.00481316
2023-03,Hangzhou,second_hand,0.00598207,-0.00456383,down,-0.02124967,0.07108437,0.00481316
2023-03,Guangzhou,new,0.001998,-0.00456383,down,-0.02124967,0.07108437,0.00481316
2023-03,Guangzhou,second_hand,0.001998,-0.00456383,down,-0.02124967,0.07108437,0.00481316
2023-03,Shenzhen,new,0.00399202,-0.00456383,down,-0.02124967,0.07108437,0.00481316
2023-03,Shenzhen,second_hand,0.00299551,-0.00456383,down,-0.02124967,0.07108437,0.00481316
2023-03,Chengdu,new,0.00697561,-0.00456383,down,-0.02124967,0.07108437,0.00481316
2023-03,Chengdu,second_hand,0.00796817,-0.00456383,down,-0.02124967,0.07108437,0.00481316
2023-04,Beijing,new,0.00598207,-0.00540594,down,-0.00456383,-0.02124967,0.07108437
2023-04,Beijing,second_hand,0.0009995,-0.00540594,down,-0.00456383,-0.02124967,0.07108437
2023-04,Shanghai,new,0.00399202,-0.00540594,down,-0.00456383,-0.02124967,0.07108437
2023-04,Shanghai,second_hand,-0.002002,-0.00540594,down,-0.00456383,-0.02124967,0.07108437
2023-04,Hangzhou,new,0.0009995,-0.00540594,down,-0.00456383,-0.02124967,0.07108437
2023-04,Hangzhou,second_hand,0.00299551,-0.00540594,down,-0.00456383,-0.02124967,0.07108437
2023-04,Guangzhou,new,0.001998,-0.00540594,down,-0.00456383,-0.02124967,0.07108437
2023-04,Guangzhou,second_hand,0.00299551,-0.00540594,down,-0.00456383,-0.02124967,0.07108437
2023-04,Shenzhen,new,0.00299551,-0.00540594,down,-0.00456383,-0.02124967,0.07108437
2023-04,Shenzhen,second_hand,0.00498754,-0.00540594,down,-0.00456383,-0.02124967,0.07108437
2023-04,Chengdu,new,0.00895974,-0.00540594,down,-0.00456383,-0.02124967,0.07108437
2023-04,Chengdu,second_hand,0.00697561,-0.00540594,down,-0.00456383,-0.02124967,0.07108437
2023-05,Beijing,new,0.001998,-0.05892376,down,-0.00540594,-0.00456383,-0.02124967
2023-05,Beijing,second_hand,-0.00601807,-0.05892376,down,-0.00540594,-0.00456383,-0.02124967
2023-05,Shanghai,new,0.00299551,-0.05892376,down,-0.00540594,-0.00456383,-0.02124967
2023-05,Shanghai,second_hand,-0.00803217,-0.05892376,down,-0.00540594,-0.00456383,-0.02124967
2023-05,Hangzhou,new,0.001998,-0.05892376,down,-0.00540594,-0.00456383,-0.02124967
2023-05,Hangzhou,second_hand,-0.00501254,-0.05892376,down,-0.00540594,-0.00456383,-0.02124967
2023-05,Guangzhou,new,0.0009995,-0.05892376,down,-0.00540594,-0.00456383,-0.02124967
2023-05,Guangzhou,second_hand,-0.002002,-0.05892376,down,-0.00540594,-0.00456383,-0.02124967
2023-05,Shenzhen,new,-0.002002,-0.05892376,down,-0.00540594,-0.00456383,-0.02124967
2023-05,Shenzhen,second_hand,-0.0010005,-0.05892376,down,-0.00540594,-0.00456383,-0.02124967
2023-05,Chengdu,new,0.00498754,-0.05892376,down,-0.00540594,-0.00456383,-0.02124967
2023-05,Chengdu,second_hand,0.00299551,-0.05892376,down,-0.00540594,-0.00456383,-0.02124967
2023-06,Beijing,new,0.0009995,0.0114934,up,-0.05892376,-0.00540594,-0.00456383
2023-06,Beijing,second_hand,-0.00702461,0.0114934,up,-0.05892376,-0.00540594,-0.00456383
2023-06,Shanghai,new,0.00399202,0.0114934,up,-0.05892376,-0.00540594,-0.00456383
2023-06,Shanghai,second_hand,-0.01207258,0.0114934,up,-0.05892376,-0.00540594,-0.00456383
2023-06,Hangzhou,new,0.00399202,0.0114934,up,-0.05892376,-0.00540594,-0.00456383
2023-06,Hangzhou,second_hand,-0.00601807,0.0114934,up,-0.05892376,-0.00540594,-0.00456383
2023-06,Guangzhou,new,-0.0010005,0.0114934,up,-0.05892376,-0.00540594,-0.00456383
2023-06,Guangzhou,second_hand,-0.00300451,0.0114934,up,-0.05892376,-0.00540594,-0.00456383
2023-06,Shenzhen,new,-0.00300451,0.0114934,up,-0.05892376,-0.00540594,-0.00456383
2023-06,Shenzhen,second_hand,-0.00702461,0.0114934,up,-0.05892376,-0.00540594,-0.00456383
2023-06,Chengdu,new,0.001998,0.0114934,up,-0.05892376,-0.00540594,-0.00456383
2023-06,Chengdu,second_hand,0.001998,0.0114934,up,-0.05892376,-0.00540594,-0.00456383
2023-07,Beijing,new,0.00399202,0.043835,up,0.0114934,-0.05892376,-0.00540594
2023-07,Beijing,second_hand,-0.00601807,0.043835,up,0.0114934,-0.05892376,-0.00540594
2023-07,Shanghai,new,0.001998,0.043835,up,0.0114934,-0.05892376,-0.00540594
2023-07,Shanghai,second_hand,-0.00702461,0.043835,up,0.0114934,-0.05892376,-0.00540594
2023-07,Hangzhou,new,0,0.043835,up,0.0114934,-0.05892376,-0.00540594
2023-07,Hangzhou,second_hand,-0.00601807,0.043835,up,0.0114934,-0.05892376,-0.00540594
2023-07,Guangzhou,new,-0.002002,0.043835,up,0.0114934,-0.05892376,-0.00540594
2023-07,Guangzhou,second_hand,-0.01005034,0.043835,up,0.0114934,-0.05892376,-0.00540594
2023-07,Shenzhen,new,-0.00601807,0.043835,up,0.0114934,-0.05892376,-0.00540594
2023-07,Shenzhen,second_hand,-0.00904074,0.043835,up,0.0114934,-0.05892376,-0.00540594
2023-07,Chengdu,new,0.001998,0.043835,up,0.0114934,-0.05892376,-0.00540594
2023-07,Chengdu,second_hand,-0.002002,0.043835,up,0.0114934,-0.05892376,-0.00540594
2023-08,Beijing,new,-0.002002,-0.06412562,down,0.043835,0.0114934,-0.05892376
2023-08,Beijing,second_hand,0.00399202,-0.06412562,down,0.043835,0.0114934,-0.05892376
2023-08,Shanghai,new,0.0009995,-0.06412562,down,0.043835,0.0114934,-0.05892376
2023-08,Shanghai,second_hand,-0.00300451,-0.06412562,down,0.043835,0.0114934,-0.05892376
2023-08,Hangzhou,new,0.0009995,-0.06412562,down,0.043835,0.0114934,-0.05892376
2023-08,Hangzhou,second_hand,-0.00501254,-0.06412562,down,0.043835,0.0114934,-0.05892376
2023-08,Guangzhou,new,-0.00300451,-0.06412562,down,0.043835,0.0114934,-0.05892376
2023-08,Guangzhou,second_hand,-0.00601807,-0.06412562,down,0.043835,0.0114934,-0.05892376
2023-08,Shenzhen,new,-0.00601807,-0.06412562,down,0.043835,0.0114934,-0.05892376
2023-08,Shenzhen,second_hand,-0.002002,-0.06412562,down,0.043835,0.0114934,-0.05892376
2023-08,Chengdu,new,0.00299551,-0.06412562,down,0.043835,0.0114934,-0.05892376
2023-08,Chengdu,second_hand,-0.00400802,-0.06412562,down,0.043835,0.0114934,-0.05892376
2023-09,Beijing,new,0.00399202,-0.0203232,down,-0.06412562,0.043835,0.0114934
2023-09,Beijing,second_hand,0.00697561,-0.0203232,down,-0.06412562,0.043835,0.0114934
2023-09,Shanghai,new,0.00498754,-0.0203232,down,-0.06412562,0.043835,0.0114934
2023-09,Shanghai,second_hand,0.00598207,-0.0203232,down,-0.06412562,0.043835,0.0114934
2023-09,Hangzhou,new,0.0009995,-0.0203232,down,-0.06412562,0.043835,0.0114934
2023-09,Hangzhou,second_hand,-0.00400802,-0.0203232,down,-0.06412562,0.043835,0.0114934
2023-09,Guangzhou,new,-0.00601807,-0.0203232,down,-0.06412562,0.043835,0.0114934
2023-09,Guangzhou,second_hand,-0.00702461,-0.0203232,down,-0.06412562,0.043835,0.0114934
2023-09,Shenzhen,new,-0.00501254,-0.0203232,down,-0.06412562,0.043835,0.0114934
2023-09,Shenzhen,second_hand,0,-0.0203232,down,-0.06412562,0.043835,0.0114934
2023-09,Chengdu,new,0.001998,-0.0203232,down,-0.06412562,0.043835,0.0114934
2023-09,Chengdu,second_hand,-0.002002,-0.0203232,down,-0.06412562,0.043835,0.0114934
2023-10,Beijing,new,-0.00400802,-0.03222794,down,-0.0203232,-0.06412562,0.043835
2023-10,Beijing,second_hand,-0.01106095,-0.03222794,down,-0.0203232,-0.06412562,0.043835
2023-10,Shanghai,new,0.001998,-0.03222794,down,-0.0203232,-0.06412562,0.043835
2023-10,Shanghai,second_hand,-0.00803217,-0.03222794,down,-0.0203232,-0.06412562,0.043835
2023-10,Hangzhou,new,0.00299551,-0.03222794,down,-0.0203232,-0.06412562,0.043835
2023-10,Hangzhou,second_hand,0.00498754,-0.03222794,down,-0.0203232,-0.06412562,0.043835
2023-10,Guangzhou,new,-0.00702461,-0.03222794,down,-0.0203232,-0.06412562,0.043835
2023-10,Guangzhou,second_hand,-0.00803217,-0.03222794,down,-0.0203232,-0.06412562,0.043835
2023-10,Shenzhen,new,-0.00501254,-0.03222794,down,-0.0203232,-0.06412562,0.043835
2023-10,Shenzhen,second_hand,-0.00501254,-0.03222794,down,-0.0203232,-0.06412562,0.043835
2023-10,Chengdu,new,0.001998,-0.03222794,down,-0.0203232,-0.06412562,0.043835
2023-10,Chengdu,second_hand,-0.0010005,-0.03222794,down,-0.0203232,-0.06412562,0.043835
2023-11,Beijing,new,-0.0010005,-0.02159177,down,-0.03222794,-0.0203232,-0.06412562
2023-11,Beijing,second_hand,-0.01409892,-0.02159177,down,-0.03222794,-0.0203232,-0.06412562
2023-11,Shanghai,new,0.00598207,-0.02159177,down,-0.03222794,-0.0203232,-0.06412562
2023-11,Shanghai,second_hand,-0.01511364,-0.02159177,down,-0.03222794,-0.0203232,-0.06412562
2023-11,Hangzhou,new,0.00399202,-0.02159177,down,-0.03222794,-0.0203232,-0.06412562
2023-11,Hangzhou,second_hand,0,-0.02159177,down,-0.03222794,-0.0203232,-0.06412562
2023-11,Guangzhou,new,-0.00904074,-0.02159177,down,-0.03222794,-0.0203232,-0.06412562
2023-11,Guangzhou,second_hand,-0.01005034,-0.02159177,down,-0.03222794,-0.0203232,-0.06412562
2023-11,Shenzhen,new,-0.00803217,-0.02159177,down,-0.03222794,-0.0203232,-0.06412562
2023-11,Shenzhen,second_hand,-0.01511364,-0.02159177,down,-0.03222794,-0.0203232,-0.06412562
2023-11,Chengdu,new,0.00299551,-0.02159177,down,-0.03222794,-0.0203232,-0.06412562
2023-11,Chengdu,second_hand,-0.00501254,-0.02159177,down,-0.03222794,-0.0203232,-0.06412562
2023-12,Beijing,new,0,-0.01879284,down,-0.02159177,-0.03222794,-0.0203232
2023-12,Beijing,second_hand,-0.01207258,-0.01879284,down,-0.02159177,-0.03222794,-0.0203232
2023-12,Shanghai,new,0.001998,-0.01879284,down,-0.02159177,-0.03222794,-0.0203232
2023-12,Shanghai,second_hand,-0.00601807,-0.01879284,down,-0.02159177,-0.03222794,-0.0203232
2023-12,Hangzhou,new,-0.002002,-0.01879284,down,-0.02159177,-0.03222794,-0.0203232
2023-12,Hangzhou,second_hand,-0.01106095,-0.01879284,down,-0.02159177,-0.03222794,-0.0203232
2023-12,Guangzhou,new,-0.01005034,-0.01879284,down,-0.02159177,-0.03222794,-0.0203232
2023-12,Guangzhou,second_hand,-0.01511364,-0.01879284,down,-0.02159177,-0.03222794,-0.0203232
2023-12,Shenzhen,new,-0.00904074,-0.01879284,down,-0.02159177,-0.03222794,-0.0203232
2023-12,Shenzhen,second_hand,-0.01106095,-0.01879284,down,-0.02159177,-0.03222794,-0.0203232
2023-12,Chengdu,new,0.0009995,-0.01879284,down,-0.02159177,-0.03222794,-0.0203232
2023-12,Chengdu,second_hand,-0.01511364,-0.01879284,down,-0.02159177,-0.03222794,-0.0203232
2024-01,Beijing,new,-0.0010005,-0.06494761,down,-0.01879284,-0.02159177,-0.03222794
2024-01,Beijing,second_hand,-0.00702461,-0.06494761,down,-0.01879284,-0.02159177,-0.03222794
2024-01,Shanghai,new,0.00399202,-0.06494761,down,-0.01879284,-0.02159177,-0.03222794
2024-01,Shanghai,second_hand,-0.00803217,-0.06494761,down,-0.01879284,-0.02159177,-0.03222794
2024-01,Hangzhou,new,-0.00300451,-0.06494761,down,-0.01879284,-0.02159177,-0.03222794
2024-01,Hangzhou,second_hand,-0.01207258,-0.06494761,down,-0.01879284,-0.02159177,-0.03222794
2024-01,Guangzhou,new,-0.00803217,-0.06494761,down,-0.01879284,-0.02159177,-0.03222794
2024-01,Guangzhou,second_hand,-0.01207258,-0.06494761,down,-0.01879284,-0.02159177,-0.03222794
2024-01,Shenzhen,new,-0.00702461,-0.06494761,down,-0.01879284,-0.02159177,-0.03222794
2024-01,Shenzhen,second_hand,-0.01612938,-0.06494761,down,-0.01879284,-0.02159177,-0.03222794
2024-01,Chengdu,new,0,-0.06494761,down,-0.01879284,-0.02159177,-0.03222794
2024-01,Chengdu,second_hand,-0.00904074,-0.06494761,down,-0.01879284,-0.02159177,-0.03222794
2024-02,Beijing,new,-0.0010005,0.08941052,up,-0.06494761,-0.01879284,-0.02159177
2024-02,Beijing,second_hand,-0.00904074,0.08941052,up,-0.06494761,-0.01879284,-0.02159177
2024-02,Shanghai,new,0.001998,0.08941052,up,-0.06494761,-0.01879284,-0.02159177
2024-02,Shanghai,second_hand,-0.00601807,0.08941052,up,-0.06494761,-0.01879284,-0.02159177
2024-02,Hangzhou,new,-0.002002,0.08941052,up,-0.06494761,-0.01879284,-0.02159177
2024-02,Hangzhou,second_hand,-0.00702461,0.08941052,up,-0.06494761,-0.01879284,-0.02159177
2024-02,Guangzhou,new,-0.00803217,0.08941052,up,-0.06494761,-0.01879284,-0.02159177
2024-02,Guangzhou,second_hand,-0.01005034,0.08941052,up,-0.06494761,-0.01879284,-0.02159177
2024-02,Shenzhen,new,-0.00501254,0.08941052,up,-0.06494761,-0.01879284,-0.02159177
2024-02,Shenzhen,second_hand,-0.00501254,0.08941052,up,-0.06494761,-0.01879284,-0.02159177
2024-02,Chengdu,new,-0.0010005,0.08941052,up,-0.06494761,-0.01879284,-0.02159177
2024-02,Chengdu,second_hand,-0.00904074,0.08941052,up,-0.06494761,-0.01879284,-0.02159177
2024-03,Beijing,new,0,0.00606788,up,0.08941052,-0.06494761,-0.01879284
2024-03,Beijing,second_hand,-0.00400802,0.00606788,up,0.08941052,-0.06494761,-0.01879284
2024-03,Shanghai,new,0.00498754,0.00606788,up,0.08941052,-0.06494761,-0.01879284
2024-03,Shanghai,second_hand,-0.00300451,0.00606788,up,0.08941052,-0.06494761,-0.01879284
2024-03,Hangzhou,new,0,0.00606788,up,0.08941052,-0.06494761,-0.01879284
2024-03,Hangzhou,second_hand,-0.00501254,0.00606788,up,0.08941052,-0.06494761,-0.01879284
2024-03,Guangzhou,new,-0.00702461,0.00606788,up,0.08941052,-0.06494761,-0.01879284
2024-03,Guangzhou,second_hand,-0.01005034,0.00606788,up,0.08941052,-0.06494761,-0.01879284
2024-03,Shenzhen,new,-0.00400802,0.00606788,up,0.08941052,-0.06494761,-0.01879284
2024-03,Shenzhen,second_hand,-0.01005034,0.00606788,up,0.08941052,-0.06494761,-0.01879284
2024-03,Chengdu,new,-0.0010005,0.00606788,up,0.08941052,-0.06494761,-0.01879284
2024-03,Chengdu,second_hand,-0.00702461,0.00606788,up,0.08941052,-0.06494761,-0.01879284
2024-04,Beijing,new,-0.00702461,0.01873794,up,0.00606788,0.08941052,-0.06494761
2024-04,Beijing,second_hand,-0.01612938,0.01873794,up,0.00606788,0.08941052,-0.06494761
2024-04,Shanghai,new,0.00299551,0.01873794,up,0.00606788,0.08941052,-0.06494761
2024-04,Shanghai,second_hand,-0.00803217,0.01873794,up,0.00606788,0.08941052,-0.06494761
2024-04,Hangzhou,new,-0.00501254,0.01873794,up,0.00606788,0.08941052,-0.06494761
2024-04,Hangzhou,second_hand,-0.01106095,0.01873794,up,0.00606788,0.08941052,-0.06494761
2024-04,Guangzhou,new,-0.01308524,0.01873794,up,0.00606788,0.08941052,-0.06494761
2024-04,Guangzhou,second_hand,-0.01409892,0.01873794,up,0.00606788,0.08941052,-0.06494761
2024-04,Shenzhen,new,-0.01005034,0.01873794,up,0.00606788,0.08941052,-0.06494761
2024-04,Shenzhen,second_hand,-0.00702461,0.01873794,up,0.00606788,0.08941052,-0.06494761
2024-04,Chengdu,new,-0.00300451,0.01873794,up,0.00606788,0.08941052,-0.06494761
2024-04,Chengdu,second_hand,-0.00803217,0.01873794,up,0.00606788,0.08941052,-0.06494761
2024-05,Beijing,new,-0.01106095,-0.00681209,down,0.01873794,0.00606788,0.08941052
2024-05,Beijing,second_hand,-0.01207258,-0.00681209,down,0.01873794,0.00606788,0.08941052
2024-05,Shanghai,new,0.00598207,-0.00681209,down,0.01873794,0.00606788,0.08941052
2024-05,Shanghai,second_hand,-0.01308524,-0.00681209,down,0.01873794,0.00606788,0.08941052
2024-05,Hangzhou,new,-0.00601807,-0.00681209,down,0.01873794,0.00606788,0.08941052
2024-05,Hangzhou,second_hand,-0.01005034,-0.00681209,down,0.01873794,0.00606788,0.08941052
2024-05,Guangzhou,new,-0.01409892,-0.00681209,down,0.01873794,0.00606788,0.08941052
2024-05,Guangzhou,second_hand,-0.01612938,-0.00681209,down,0.01873794,0.00606788,0.08941052
2024-05,Shenzhen,new,-0.00803217,-0.00681209,down,0.01873794,0.00606788,0.08941052
2024-05,Shenzhen,second_hand,-0.01005034,-0.00681209,down,0.01873794,0.00606788,0.08941052
2024-05,Chengdu,new,-0.00702461,-0.00681209,down,0.01873794,0.00606788,0.08941052
2024-05,Chengdu,second_hand,-0.01106095,-0.00681209,down,0.01873794,0.00606788,0.08941052
2024-06,Beijing,new,-0.00601807,-0.03359221,down,-0.00681209,0.01873794,0.00606788
2024-06,Beijing,second_hand,0.001998,-0.03359221,down,-0.00681209,0.01873794,0.00606788
2024-06,Shanghai,new,0.00399202,-0.03359221,down,-0.00681209,0.01873794,0.00606788
2024-06,Shanghai,second_hand,0.00498754,-0.03359221,down,-0.00681209,0.01873794,0.00606788
2024-06,Hangzhou,new,-0.00300451,-0.03359221,down,-0.00681209,0.01873794,0.00606788
2024-06,Hangzhou,second_hand,0.00299551,-0.03359221,down,-0.00681209,0.01873794,0.00606788
2024-06,Guangzhou,new,-0.01207258,-0.03359221,down,-0.00681209,0.01873794,0.00606788
2024-06,Guangzhou,second_hand,-0.01511364,-0.03359221,down,-0.00681209,0.01873794,0.00606788
2024-06,Shenzhen,new,-0.00702461,-0.03359221,down,-0.00681209,0.01873794,0.00606788
2024-06,Shenzhen,second_hand,-0.01005034,-0.03359221,down,-0.00681209,0.01873794,0.00606788
2024-06,Chengdu,new,-0.01005034,-0.03359221,down,-0.00681209,0.01873794,0.00606788
2024-06,Chengdu,second_hand,-0.01106095,-0.03359221,down,-0.00681209,0.01873794,0.00606788
2024-07,Beijing,new,-0.00501254,-0.0056723,down,-0.03359221,-0.00681209,0.01873794
2024-07,Beijing,second_hand,0,-0.0056723,down,-0.03359221,-0.00681209,0.01873794
2024-07,Shanghai,new,0.001998,-0.0056723,down,-0.03359221,-0.00681209,0.01873794
2024-07,Shanghai,second_hand,0.0009995,-0.0056723,down,-0.03359221,-0.00681209,0.01873794
2024-07,Hangzhou,new,-0.00300451,-0.0056723,down,-0.03359221,-0.00681209,0.01873794
2024-07,Hangzhou,second_hand,-0.00400802,-0.0056723,down,-0.03359221,-0.00681209,0.01873794
2024-07,Guangzhou,new,-0.00803217,-0.0056723,down,-0.03359221,-0.00681209,0.01873794
2024-07,Guangzhou,second_hand,-0.00904074,-0.0056723,down,-0.03359221,-0.00681209,0.01873794
2024-07,Shenzhen,new,-0.00904074,-0.0056723,down,-0.03359221,-0.00681209,0.01873794
2024-07,Shenzhen,second_hand,-0.01207258,-0.0056723,down,-0.03359221,-0.00681209,0.01873794
2024-07,Chengdu,new,-0.00601807,-0.0056723,down,-0.03359221,-0.00681209,0.01873794
2024-07,Chengdu,second_hand,-0.00702461,-0.0056723,down,-0.03359221,-0.00681209,0.01873794
2024-08,Beijing,new,-0.00501254,-0.03568053,down,-0.0056723,-0.03359221,-0.00681209
2024-08,Beijing,second_hand,-0.01005034,-0.03568053,down,-0.0056723,-0.03359221,-0.00681209
2024-08,Shanghai,new,0.00598207,-0.03568053,down,-0.0056723,-0.03359221,-0.00681209
2024-08,Shanghai,second_hand,-0.00601807,-0.03568053,down,-0.0056723,-0.03359221,-0.00681209
2024-08,Hangzhou,new,-0.0010005,-0.03568053,down,-0.0056723,-0.03359221,-0.00681209
2024-08,Hangzhou,second_hand,-0.00702461,-0.03568053,down,-0.0056723,-0.03359221,-0.00681209
2024-08,Guangzhou,new,-0.00501254,-0.03568053,down,-0.0056723,-0.03359221,-0.00681209
2024-08,Guangzhou,second_hand,-0.00702461,-0.03568053,down,-0.0056723,-0.03359221,-0.00681209
2024-08,Shenzhen,new,-0.00803217,-0.03568053,down,-0.0056723,-0.03359221,-0.00681209
2024-08,Shenzhen,second_hand,-0.01308524,-0.03568053,down,-0.0056723,-0.03359221,-0.00681209
2024-08,Chengdu,new,-0.01207258,-0.03568053,down,-0.0056723,-0.03359221,-0.00681209
2024-08,Chengdu,second_hand,-0.00501254,-0.03568053,down,-0.0056723,-0.03359221,-0.00681209
2024-09,Beijing,new,-0.00702461,0.19035152,up,-0.03568053,-0.0056723,-0.03359221
2024-09,Beijing,second_hand,-0.01308524,0.19035152,up,-0.03568053,-0.0056723,-0.03359221
2024-09,Shanghai,new,0.00598207,0.19035152,up,-0.03568053,-0.0056723,-0.03359221
2024-09,Shanghai,second_hand,-0.01207258,0.19035152,up,-0.03568053,-0.0056723,-0.03359221
2024-09,Hangzhou,new,-0.00601807,0.19035152,up,-0.03568053,-0.0056723,-0.03359221
2024-09,Hangzhou,second_hand,-0.01409892,0.19035152,up,-0.03568053,-0.0056723,-0.03359221
2024-09,Guangzhou,new,-0.00904074,0.19035152,up,-0.03568053,-0.0056723,-0.03359221
2024-09,Guangzhou,second_hand,-0.01106095,0.19035152,up,-0.03568053,-0.0056723,-0.03359221
2024-09,Shenzhen,new,-0.01005034,0.19035152,up,-0.03568053,-0.0056723,-0.03359221
2024-09,Shenzhen,second_hand,-0.01308524,0.19035152,up,-0.03568053,-0.0056723,-0.03359221
2024-09,Chengdu,new,-0.00803217,0.19035152,up,-0.03568053,-0.0056723,-0.03359221
2024-09,Chengdu,second_hand,-0.00702461,0.19035152,up,-0.03568053,-0.0056723,-0.03359221
2024-10,Beijing,new,-0.00702461,-0.03207046,down,0.19035152,-0.03568053,-0.0056723
2024-10,Beijing,second_hand,0.00995033,-0.03207046,down,0.19035152,-0.03568053,-0.0056723
2024-10,Shanghai,new,0.00299551,-0.03207046,down,0.19035152,-0.03568053,-0.0056723
2024-10,Shanghai,second_hand,0.001998,-0.03207046,down,0.19035152,-0.03568053,-0.0056723
2024-10,Hangzhou,new,-0.00400802,-0.03207046,down,0.19035152,-0.03568053,-0.0056723
2024-10,Hangzhou,second_hand,0.00796817,-0.03207046,down,0.19035152,-0.03568053,-0.0056723
2024-10,Guangzhou,new,-0.00702461,-0.03207046,down,0.19035152,-0.03568053,-0.0056723
2024-10,Guangzhou,second_hand,-0.00400802,-0.03207046,down,0.19035152,-0.03568053,-0.0056723
2024-10,Shenzhen,new,0.0009995,-0.03207046,down,0.19035152,-0.03568053,-0.0056723
2024-10,Shenzhen,second_hand,0.00697561,-0.03207046,down,0.19035152,-0.03568053,-0.0056723
2024-10,Chengdu,new,-0.00400802,-0.03207046,down,0.19035152,-0.03568053,-0.0056723
2024-10,Chengdu,second_hand,0.00399202,-0.03207046,down,0.19035152,-0.03568053,-0.0056723
2024-11,Beijing,new,-0.00501254,0.00654235,up,-0.03207046,0.19035152,-0.03568053
2024-11,Beijing,second_hand,0.00895974,0.00654235,up,-0.03207046,0.19035152,-0.03568053
2024-11,Shanghai,new,0.00598207,0.00654235,up,-0.03207046,0.19035152,-0.03568053
2024-11,Shanghai,second_hand,0.00399202,0.00654235,up,-0.03207046,0.19035152,-0.03568053
2024-11,Hangzhou,new,0.00895974,0.00654235,up,-0.03207046,0.19035152,-0.03568053
2024-11,Hangzhou,second_hand,0.00796817,0.00654235,up,-0.03207046,0.19035152,-0.03568053
2024-11,Guangzhou,new,-0.00300451,0.00654235,up,-0.03207046,0.19035152,-0.03568053
2024-11,Guangzhou,second_hand,-0.00400802,0.00654235,up,-0.03207046,0.19035152,-0.03568053
2024-11,Shenzhen,new,0.00299551,0.00654235,up,-0.03207046,0.19035152,-0.03568053
2024-11,Shenzhen,second_hand,0.00498754,0.00654235,up,-0.03207046,0.19035152,-0.03568053
2024-11,Chengdu,new,0.00498754,0.00654235,up,-0.03207046,0.19035152,-0.03568053
2024-11,Chengdu,second_hand,0.00697561,0.00654235,up,-0.03207046,0.19035152,-0.03568053
2024-12,Beijing,new,-0.0010005,0.00466919,up,0.00654235,-0.03207046,0.19035152
2024-12,Beijing,second_hand,0.00498754,0.00466919,up,0.00654235,-0.03207046,0.19035152
2024-12,Shanghai,new,0.00498754,0.00466919,up,0.00654235,-0.03207046,0.19035152
2024-12,Shanghai,second_hand,0.00895974,0.00466919,up,0.00654235,-0.03207046,0.19035152
2024-12,Hangzhou,new,0.00399202,0.00466919,up,0.00654235,-0.03207046,0.19035152
2024-12,Hangzhou,second_hand,-0.002002,0.00466919,up,0.00654235,-0.03207046,0.19035152
2024-12,Guangzhou,new,-0.0010005,0.00466919,up,0.00654235,-0.03207046,0.19035152
2024-12,Guangzhou,second_hand,-0.00300451,0.00466919,up,0.00654235,-0.03207046,0.19035152
2024-12,Shenzhen,new,0.001998,0.00466919,up,0.00654235,-0.03207046,0.19035152
2024-12,Shenzhen,second_hand,0.0009995,0.00466919,up,0.00654235,-0.03207046,0.19035152
2024-12,Chengdu,new,0.00598207,0.00466919,up,0.00654235,-0.03207046,0.19035152
2024-12,Chengdu,second_hand,0.00299551,0.00466919,up,0.00654235,-0.03207046,0.19035152
2025-01,Beijing,new,-0.00400802,-0.03040228,down,0.00466919,0.00654235,-0.03207046
2025-01,Beijing,second_hand,0.0009995,-0.03040228,down,0.00466919,0.00654235,-0.03207046
2025-01,Shanghai,new,0.00598207,-0.03040228,down,0.00466919,0.00654235,-0.03207046
2025-01,Shanghai,second_hand,0.00399202,-0.03040228,down,0.00466919,0.00654235,-0.03207046
2025-01,Hangzhou,new,0.00299551,-0.03040228,down,0.00466919,0.00654235,-0.03207046
2025-01,Hangzhou,second_hand,-0.00400802,-0.03040228,down,0.00466919,0.00654235,-0.03207046
2025-01,Guangzhou,new,0,-0.03040228,down,0.00466919,0.00654235,-0.03207046
2025-01,Guangzhou,second_hand,-0.002002,-0.03040228,down,0.00466919,0.00654235,-0.03207046
2025-01,Shenzhen,new,0.001998,-0.03040228,down,0.00466919,0.00654235,-0.03207046
2025-01,Shenzhen,second_hand,0.00399202,-0.03040228,down,0.00466919,0.00654235,-0.03207046
2025-01,Chengdu,new,0.00697561,-0.03040228,down,0.00466919,0.00654235,-0.03207046
2025-01,Chengdu,second_hand,0.001998,-0.03040228,down,0.00466919,0.00654235,-0.03207046
2025-02,Beijing,new,0.0009995,0.01893628,up,-0.03040228,0.00466919,0.00654235
2025-02,Beijing,second_hand,0,0.01893628,up,-0.03040228,0.00466919,0.00654235
2025-02,Shanghai,new,0.001998,0.01893628,up,-0.03040228,0.00466919,0.00654235
2025-02,Shanghai,second_hand,-0.00400802,0.01893628,up,-0.03040228,0.00466919,0.00654235
2025-02,Hangzhou,new,-0.0010005,0.01893628,up,-0.03040228,0.00466919,0.00654235
2025-02,Hangzhou,second_hand,-0.002002,0.01893628,up,-0.03040228,0.00466919,0.00654235
2025-02,Guangzhou,new,-0.002002,0.01893628,up,-0.03040228,0.00466919,0.00654235
2025-02,Guangzhou,second_hand,-0.00300451,0.01893628,up,-0.03040228,0.00466919,0.00654235
2025-02,Shenzhen,new,0.00399202,0.01893628,up,-0.03040228,0.00466919,0.00654235
2025-02,Shenzhen,second_hand,0.00299551,0.01893628,up,-0.03040228,0.00466919,0.00654235
2025-02,Chengdu,new,0.00299551,0.01893628,up,-0.03040228,0.00466919,0.00654235
2025-02,Chengdu,second_hand,0.001998,0.01893628,up,-0.03040228,0.00466919,0.00654235
2025-03,Beijing,new,-0.002002,-0.00070461,down,0.01893628,-0.03040228,0.00466919
2025-03,Beijing,second_hand,0.00498754,-0.00070461,down,0.01893628,-0.03040228,0.00466919
2025-03,Shanghai,new,0.00697561,-0.00070461,down,0.01893628,-0.03040228,0.00466919
2025-03,Shanghai,second_hand,0.00399202,-0.00070461,down,0.01893628,-0.03040228,0.00466919
2025-03,Hangzhou,new,0.00498754,-0.00070461,down,0.01893628,-0.03040228,0.00466919
2025-03,Hangzhou,second_hand,0.00995033,-0.00070461,down,0.01893628,-0.03040228,0.00466919
2025-03,Guangzhou,new,-0.0010005,-0.00070461,down,0.01893628,-0.03040228,0.00466919
2025-03,Guangzhou,second_hand,-0.002002,-0.00070461,down,0.01893628,-0.03040228,0.00466919
2025-03,Shenzhen,new,0.0009995,-0.00070461,down,0.01893628,-0.03040228,0.00466919
2025-03,Shenzhen,second_hand,0.00299551,-0.00070461,down,0.01893628,-0.03040228,0.00466919
2025-03,Chengdu,new,0.00498754,-0.00070461,down,0.01893628,-0.03040228,0.00466919
2025-03,Chengdu,second_hand,0.0009995,-0.00070461,down,0.01893628,-0.03040228,0.00466919
2025-04,Beijing,new,0.0009995,-0.03049122,down,-0.00070461,0.01893628,-0.03040228
2025-04,Beijing,second_hand,-0.00601807,-0.03049122,down,-0.00070461,0.01893628,-0.03040228
2025-04,Shanghai,new,0.00498754,-0.03049122,down,-0.00070461,0.01893628,-0.03040228
2025-04,Shanghai,second_hand,0.0009995,-0.03049122,down,-0.00070461,0.01893628,-0.03040228
2025-04,Hangzhou,new,0.00399202,-0.03049122,down,-0.00070461,0.01893628,-0.03040228
2025-04,Hangzhou,second_hand,-0.00300451,-0.03049122,down,-0.00070461,0.01893628,-0.03040228
2025-04,Guangzhou,new,-0.002002,-0.03049122,down,-0.00070461,0.01893628,-0.03040228
2025-04,Guangzhou,second_hand,0,-0.03049122,down,-0.00070461,0.01893628,-0.03040228
2025-04,Shenzhen,new,-0.0010005,-0.03049122,down,-0.00070461,0.01893628,-0.03040228
2025-04,Shenzhen,second_hand,-0.00300451,-0.03049122,down,-0.00070461,0.01893628,-0.03040228
2025-04,Chengdu,new,0.00299551,-0.03049122,down,-0.00070461,0.01893628,-0.03040228
2025-04,Chengdu,second_hand,0.0009995,-0.03049122,down,-0.00070461,0.01893628,-0.03040228
2025-05,Beijing,new,-0.00400802,0.01830608,up,-0.03049122,-0.00070461,0.01893628
2025-05,Beijing,second_hand,-0.00803217,0.01830608,up,-0.03049122,-0.00070461,0.01893628
2025-05,Shanghai,new,0.00697561,0.01830608,up,-0.03049122,-0.00070461,0.01893628
2025-05,Shanghai,second_hand,-0.00702461,0.01830608,up,-0.03049122,-0.00070461,0.01893628
2025-05,Hangzhou,new,0.00796817,0.01830608,up,-0.03049122,-0.00070461,0.01893628
2025-05,Hangzhou,second_hand,-0.00400802,0.01830608,up,-0.03049122,-0.00070461,0.01893628
2025-05,Guangzhou,new,-0.00803217,0.01830608,up,-0.03049122,-0.00070461,0.01893628
2025-05,Guangzhou,second_hand,-0.00803217,0.01830608,up,-0.03049122,-0.00070461,0.01893628
2025-05,Shenzhen,new,-0.00400802,0.01830608,up,-0.03049122,-0.00070461,0.01893628
2025-05,Shenzhen,second_hand,-0.00501254,0.01830608,up,-0.03049122,-0.00070461,0.01893628
2025-05,Chengdu,new,0.0009995,0.01830608,up,-0.03049122,-0.00070461,0.01893628
2025-05,Chengdu,second_hand,-0.002002,0.01830608,up,-0.03049122,-0.00070461,0.01893628
2025-06,Beijing,new,-0.00300451,0.02465304,up,0.01830608,-0.03049122,-0.00070461
2025-06,Beijing,second_hand,-0.01005034,0.02465304,up,0.01830608,-0.03049122,-0.00070461
2025-06,Shanghai,new,0.00399202,0.02465304,up,0.01830608,-0.03049122,-0.00070461
2025-06,Shanghai,second_hand,-0.00702461,0.02465304,up,0.01830608,-0.03049122,-0.00070461
2025-06,Hangzhou,new,0.001998,0.02465304,up,0.01830608,-0.03049122,-0.00070461
2025-06,Hangzhou,second_hand,-0.00803217,0.02465304,up,0.01830608,-0.03049122,-0.00070461
2025-06,Guangzhou,new,-0.00501254,0.02465304,up,0.01830608,-0.03049122,-0.00070461
2025-06,Guangzhou,second_hand,-0.00702461,0.02465304,up,0.01830608,-0.03049122,-0.00070461
2025-06,Shenzhen,new,-0.00601807,0.02465304,up,0.01830608,-0.03049122,-0.00070461
2025-06,Shenzhen,second_hand,-0.00501254,0.02465304,up,0.01830608,-0.03049122,-0.00070461
2025-06,Chengdu,new,-0.00300451,0.02465304,up,0.01830608,-0.03049122,-0.00070461
2025-06,Chengdu,second_hand,-0.00400802,0.02465304,up,0.01830608,-0.03049122,-0.00070461
2025-07,Beijing,new,0,0.03483022,up,0.02465304,0.01830608,-0.03049122
2025-07,Beijing,second_hand,-0.01106095,0.03483022,up,0.02465304,0.01830608,-0.03049122
2025-07,Shanghai,new,0.00299551,0.03483022,up,0.02465304,0.01830608,-0.03049122
2025-07,Shanghai,second_hand,-0.00904074,0.03483022,up,0.02465304,0.01830608,-0.03049122
2025-07,Hangzhou,new,-0.00300451,0.03483022,up,0.02465304,0.01830608,-0.03049122
2025-07,Hangzhou,second_hand,-0.00702461,0.03483022,up,0.02465304,0.01830608,-0.03049122
2025-07,Guangzhou,new,-0.00300451,0.03483022,up,0.02465304,0.01830608,-0.03049122
2025-07,Guangzhou,second_hand,-0.01005034,0.03483022,up,0.02465304,0.01830608,-0.03049122
2025-07,Shenzhen,new,-0.00601807,0.03483022,up,0.02465304,0.01830608,-0.03049122
2025-07,Shenzhen,second_hand,-0.00904074,0.03483022,up,0.02465304,0.01830608,-0.03049122
2025-07,Chengdu,new,-0.002002,0.03483022,up,0.02465304,0.01830608,-0.03049122
2025-07,Chengdu,second_hand,-0.00400802,0.03483022,up,0.02465304,0.01830608,-0.03049122
2025-08,Beijing,new,-0.00400802,0.09834162,up,0.03483022,0.02465304,0.01830608
2025-08,Beijing,second_hand,-0.01207258,0.09834162,up,0.03483022,0.02465304,0.01830608
2025-08,Shanghai,new,0.00399202,0.09834162,up,0.03483022,0.02465304,0.01830608
2025-08,Shanghai,second_hand,-0.01005034,0.09834162,up,0.03483022,0.02465304,0.01830608
2025-08,Hangzhou,new,0.00399202,0.09834162,up,0.03483022,0.02465304,0.01830608
2025-08,Hangzhou,second_hand,-0.0010005,0.09834162,up,0.03483022,0.02465304,0.01830608
2025-08,Guangzhou,new,-0.002002,0.09834162,up,0.03483022,0.02465304,0.01830608
2025-08,Guangzhou,second_hand,-0.00904074,0.09834162,up,0.03483022,0.02465304,0.01830608
2025-08,Shenzhen,new,-0.00400802,0.09834162,up,0.03483022,0.02465304,0.01830608
2025-08,Shenzhen,second_hand,-0.00803217,0.09834162,up,0.03483022,0.02465304,0.01830608
2025-08,Chengdu,new,-0.002002,0.09834162,up,0.03483022,0.02465304,0.01830608
2025-08,Chengdu,second_hand,-0.00702461,0.09834162,up,0.03483022,0.02465304,0.01830608
2025-09,Beijing,new,0.001998,0.03150592,up,0.09834162,0.03483022,0.02465304
2025-09,Beijing,second_hand,-0.00904074,0.03150592,up,0.09834162,0.03483022,0.02465304
2025-09,Shanghai,new,0.00299551,0.03150592,up,0.09834162,0.03483022,0.02465304
2025-09,Shanghai,second_hand,-0.01005034,0.03150592,up,0.09834162,0.03483022,0.02465304
2025-09,Hangzhou,new,0.00299551,0.03150592,up,0.09834162,0.03483022,0.02465304
2025-09,Hangzhou,second_hand,-0.00702461,0.03150592,up,0.09834162,0.03483022,0.02465304
2025-09,Guangzhou,new,-0.00601807,0.03150592,up,0.09834162,0.03483022,0.02465304
2025-09,Guangzhou,second_hand,-0.00803217,0.03150592,up,0.09834162,0.03483022,0.02465304
2025-09,Shenzhen,new,-0.01005034,0.03150592,up,0.09834162,0.03483022,0.02465304
2025-09,Shenzhen,second_hand,-0.01005034,0.03150592,up,0.09834162,0.03483022,0.02465304
2025-09,Chengdu,new,-0.00601807,0.03150592,up,0.09834162,0.03483022,0.02465304
2025-09,Chengdu,second_hand,-0.00601807,0.03150592,up,0.09834162,0.03483022,0.02465304
2025-10,Beijing,new,-0.0010005,-4.31e-06,down,0.03150592,0.09834162,0.03483022
2025-10,Beijing,second_hand,-0.01106095,-4.31e-06,down,0.03150592,0.09834162,0.03483022
2025-10,Shanghai,new,0.00299551,-4.31e-06,down,0.03150592,0.09834162,0.03483022
2025-10,Shanghai,second_hand,-0.00904074,-4.31e-06,down,0.03150592,0.09834162,0.03483022
2025-10,Hangzhou,new,0.0009995,-4.31e-06,down,0.03150592,0.09834162,0.03483022
2025-10,Hangzhou,second_hand,-0.00300451,-4.31e-06,down,0.03150592,0.09834162,0.03483022
2025-10,Guangzhou,new,-0.00803217,-4.31e-06,down,0.03150592,0.09834162,0.03483022
2025-10,Guangzhou,second_hand,-0.00904074,-4.31e-06,down,0.03150592,0.09834162,0.03483022
2025-10,Shenzhen,new,-0.00702461,-4.31e-06,down,0.03150592,0.09834162,0.03483022
2025-10,Shenzhen,second_hand,-0.00904074,-4.31e-06,down,0.03150592,0.09834162,0.03483022
2025-10,Chengdu,new,-0.01005034,-4.31e-06,down,0.03150592,0.09834162,0.03483022
2025-10,Chengdu,second_hand,-0.00803217,-4.31e-06,down,0.03150592,0.09834162,0.03483022
2025-11,Beijing,new,-0.00501254,-0.02487439,down,-4.31e-06,0.03150592,0.09834162
2025-11,Beijing,second_hand,-0.01308524,-0.02487439,down,-4.31e-06,0.03150592,0.09834162
2025-11,Shanghai,new,0.0009995,-0.02487439,down,-4.31e-06,0.03150592,0.09834162
2025-11,Shanghai,second_hand,-0.00803217,-0.02487439,down,-4.31e-06,0.03150592,0.09834162
2025-11,Hangzhou,new,-0.002002,-0.02487439,down,-4.31e-06,0.03150592,0.09834162
2025-11,Hangzhou,second_hand,-0.00904074,-0.02487439,down,-4.31e-06,0.03150592,0.09834162
2025-11,Guangzhou,new,-0.00501254,-0.02487439,down,-4.31e-06,0.03150592,0.09834162
2025-11,Guangzhou,second_hand,-0.01207258,-0.02487439,down,-4.31e-06,0.03150592,0.09834162
2025-11,Shenzhen,new,-0.00904074,-0.02487439,down,-4.31e-06,0.03150592,0.09834162
2025-11,Shenzhen,second_hand,-0.01005034,-0.02487439,down,-4.31e-06,0.03150592,0.09834162
2025-11,Chengdu,new,-0.00702461,-0.02487439,down,-4.31e-06,0.03150592,0.09834162
2025-11,Chengdu,second_hand,-0.00904074,-0.02487439,down,-4.31e-06,0.03150592,0.09834162
2025-12,Beijing,new,-0.00400802,0.02255955,up,-0.02487439,-4.31e-06,0.03150592
2025-12,Beijing,second_hand,-0.01308524,0.02255955,up,-0.02487439,-4.31e-06,0.03150592
2025-12,Shanghai,new,0.001998,0.02255955,up,-0.02487439,-4.31e-06,0.03150592
2025-12,Shanghai,second_hand,-0.00601807,0.02255955,up,-0.02487439,-4.31e-06,0.03150592
2025-12,Hangzhou,new,-0.00300451,0.02255955,up,-0.02487439,-4.31e-06,0.03150592
2025-12,Hangzhou,second_hand,-0.00400802,0.02255955,up,-0.02487439,-4.31e-06,0.03150592
2025-12,Guangzhou,new,-0.00601807,0.02255955,up,-0.02487439,-4.31e-06,0.03150592
2025-12,Guangzhou,second_hand,-0.01005034,0.02255955,up,-0.02487439,-4.31e-06,0.03150592
2025-12,Shenzhen,new,-0.00501254,0.02255955,up,-0.02487439,-4.31e-06,0.03150592
2025-12,Shenzhen,second_hand,-0.00601807,0.02255955,up,-0.02487439,-4.31e-06,0.03150592
2025-12,Chengdu,new,-0.00702461,0.02255955,up,-0.02487439,-4.31e-06,0.03150592
2025-12,Chengdu,second_hand,-0.01106095,0.02255955,up,-0.02487439,-4.31e-06,0.03150592
